OBJECTID,WNUMBER,Lidar_Elev,TOTALDEPTH,Qu_top,Qu_height,TQsu_top,TQsu_height,TQu_top,TQu_height,Tc_top,Tc_height,Thpb_top,Thpb_height,Th_Undiff_top,Th_Undiff_height,Thc_top,Thc_height,That_top,That_height,Ts_top,Ts_height,To_top,To_height,Tap_top,Tap_height,unit_order,lat,long
1,707,66.66156006,340,0,20,999,999,999,999,999,999,999,999,-20,22,999,999,999,999,-42,63,-105,155,-260,80,"Qu,Th,Ts,To,Tap",28.47922988,-82.45075949
4,708,67.78105927,251,-1,29,999,999,999,999,999,999,999,999,-30,10,999,999,999,999,-40,40,-80,155,-235,16,"Qu,Th,Ts,To,Tap",28.48020029,-82.45404479
5,994,36.67913818,999,0,20,999,999,999,999,999,999,999,999,-20,30,999,999,999,999,999,999,-50,180,-230,769,"Qu,Th,To,Tap",28.47376957,-82.54722441
6,1442,144.5711517,999,0,40,999,999,999,999,999,999,999,999,999,999,999,999,999,999,-40,130,-170,829,999,999,"Qu,Ts,To",28.5069582,-82.25430592
7,2199,249.501358,230,0,65,999,999,999,999,999,999,999,999,-65,15,999,999,-80,50,-130,100,999,999,999,999,"Qu,Th,That,Ts",28.41154083,-82.27098198
8,2225,70.60540771,68,0,10,999,999,999,999,999,999,999,999,-10,58,999,999,999,999,999,999,999,999,999,999,"Qu,Th",28.48594774,-82.26169272
9,2226,70.60540771,94,0,30,999,999,999,999,999,999,999,999,-30,35,999,999,999,999,-65,29,999,999,999,999,"Qu,Th,Ts",28.48594812,-82.26169339
10,2227,70.60540771,176,0,15,999,999,999,999,999,999,999,999,-15,153,999,999,999,999,-168,8,999,999,999,999,"Qu,Th,Ts",28.48594446,-82.26169552
11,2449,71.07567596,95,0,35,999,999,999,999,999,999,999,999,-35,60,999,999,999,999,999,999,999,999,999,999,"Qu,Th",28.4859219,-82.26171934
12,2450,70.87509155,106,0,10,999,999,999,999,999,999,999,999,-10,96,999,999,999,999,999,999,999,999,999,999,"Qu,Th",28.48592538,-82.26167458
13,2451,70.87509155,208,-20,70,999,999,999,999,999,999,999,999,999,999,999,999,999,999,-90,118,999,999,999,999,"Qu,Ts",28.48592538,-82.26167458
14,3675,87.66638947,820,0,55,999,999,999,999,999,999,999,999,999,999,999,999,999,999,999,999,-55,135,-190,630,"Qu,To,Tap",28.50968059,-82.17685222
15,3965,227.951004,180,0,45,999,999,999,999,999,999,999,999,-45,65,999,999,-110,70,999,999,999,999,999,999,"Qu,Th,That",28.37748333,-82.28038889
16,4410,84.83084106,"1,300.00",0,35,999,999,999,999,999,999,999,999,999,999,999,999,999,999,999,999,-35,155,-190,"1,110.00","Qu,To,Tap",28.51220344,-82.17638024
17,4989,99.65787506,999,0,21,999,999,999,999,999,999,999,999,999,999,999,999,999,999,999,999,-21,139,-160,839,"Qu,To,Tap",28.47599526,-81.96981772
18,5101,78.25149536,358,0,15,999,999,999,999,999,999,999,999,-15,10,999,999,999,999,-25,35,-60,170,-230,128,"Qu,Th,Ts,To,Tap",28.49676894,-82.42434862
19,5486,36.13810349,170,0,30,999,999,999,999,999,999,999,999,999,999,999,999,999,999,-30,105,-135,35,999,999,"Qu,Ts,To",28.48661012,-82.59827856
20,5608,142.0228729,207,999,999,999,999,999,999,999,999,999,999,-5,80,999,999,999,999,-85,122,999,999,999,999,"Th,Ts",28.53314136,-82.39392932
21,5694,112.8974533,200,0,25,999,999,999,999,999,999,999,999,999,999,999,999,999,999,-25,100,-125,75,999,999,"Qu,Ts,To",28.51999548,-82.30008942
22,5760,95.29582214,109,0,5,999,999,999,999,999,999,999,999,-5,30,999,999,999,999,-35,74,999,999,999,999,"Qu,Th,Ts",28.3787646,-82.19262069
23,5866,158.4964905,565,0,50,999,999,999,999,999,999,999,999,-50,55,999,999,999,999,-105,190,-295,175,-470,95,"Qu,Th,Ts,To,Tap",28.39229859,-82.27228673
24,5942,211.8943939,610,0,50,999,999,999,999,999,999,999,999,-50,40,999,999,999,999,-90,210,-300,140,-440,170,"Qu,Th,Ts,To,Tap",28.39323055,-82.27741692
25,6470,71.38045502,145,999,999,999,999,999,999,999,999,999,999,-10,50,999,999,999,999,-60,15,-75,70,999,999,"Th,Ts,To",28.46490218,-82.19430416
26,6556,106.382019,223,-10,20,999,999,999,999,999,999,999,999,999,999,999,999,999,999,-30,130,-160,63,999,999,"Qu,Ts,To",28.47999992,-82.32082995
27,6562,95.50734711,420,999,999,999,999,999,999,999,999,999,999,999,999,999,999,999,999,0,130,-130,190,-320,100,"Ts,To,Tap",28.53286428,-82.40621369
28,6627,58.26625824,158.5,0,25,999,999,999,999,999,999,999,999,999,999,999,999,999,999,999,999,-25,133.5,999,999,"Qu,To",28.47196973,-82.44265635
29,7435,93.75783539,270,0,15,999,999,999,999,999,999,999,999,-15,20,999,999,999,999,-35,115,-150,120,999,999,"Qu,Th,Ts,To",28.46376134,-82.36746237
30,7436,4.57715464,165,-5,30,999,999,999,999,999,999,999,999,999,999,999,999,999,999,999,999,-35,130,999,999,"Qu,To",28.54327152,-82.61250363
31,7437,4.57715464,155,-10,22,999,999,999,999,999,999,999,999,999,999,999,999,999,999,999,999,-32,123,999,999,"Qu,To",28.54327152,-82.61250363
32,7438,4.57715464,160,0,10,999,999,999,999,999,999,999,999,999,999,999,999,999,999,-10,10,-20,140,999,999,"Qu,Ts,To",28.54327152,-82.61250363
33,7439,4.57715464,165,0,10,999,999,999,999,999,999,999,999,999,999,999,999,999,999,-10,13,-23,142,999,999,"Qu,Ts,To",28.54327152,-82.61250363
34,7463,66.23234558,81.5,999,999,999,999,999,999,999,999,999,999,0,25,999,999,999,999,-25,56.5,999,999,999,999,"Th,Ts",28.42737478,-82.4661967
35,7732,70.95048523,185,0,10,999,999,999,999,999,999,999,999,999,999,999,999,999,999,999,999,-10,175,999,999,"Qu,To",28.48494636,-82.17361818
36,7762,1.0844183,195,999,999,999,999,999,999,999,999,999,999,999,999,999,999,999,999,0,120,-120,75,999,999,"Ts,To",28.45101944,-82.66256667
37,7763,6.79802084,246,999,999,999,999,999,999,999,999,999,999,999,999,999,999,999,999,0,120,-120,126,999,999,"Ts,To",28.45278022,-82.65065154
38,7767,24.45136452,94,0,14,999,999,999,999,999,999,999,999,999,999,999,999,999,999,-14,65,-79,15,999,999,"Qu,Ts,To",28.52061995,-82.5685421
39,7768,35.9078598,260,0,42,999,999,999,999,999,999,999,999,999,999,999,999,999,999,-42,17,-59,161,-220,40,"Qu,Ts,To,Tap",28.53435462,-82.5320325
40,7801,75.55612946,86,0,10,999,999,999,999,999,999,999,999,999,999,999,999,999,999,999,999,-10,76,999,999,"Qu,To",28.45474034,-82.08617816
41,7828,100.4253464,72,999,999,999,999,999,999,999,999,999,999,0,35,999,999,999,999,-35,37,999,999,999,999,"Th,Ts",28.4436615,-82.37035471
42,7893,107.2018967,446,999,999,999,999,999,999,999,999,999,999,0,446,999,999,999,999,999,999,999,999,999,999,Th,28.5410393,-82.35979035
43,8021,74.76501465,999,0,60,999,999,999,999,999,999,999,999,-60,35,999,999,999,999,-95,904,999,999,999,999,"Qu,Th,Ts",28.52471721,-82.31518991
44,8040,29.90415001,200,0,65,999,999,999,999,999,999,999,999,999,999,999,999,999,999,-65,50,-115,85,999,999,"Qu,Ts,To",28.45746277,-82.61102761
45,8140,72.78769684,999,999,999,999,999,999,999,999,999,999,999,999,999,999,999,999,999,999,999,999,999,-235,764,Tap,28.52473056,-82.23037778
46,8168,34.39429855,373,999,999,999,999,999,999,999,999,999,999,0,70,999,999,999,999,-70,60,-130,140,-270,103,"Th,Ts,To,Tap",28.45648566,-82.61197194
47,8188,72.33927155,"6,209.00",0,25,999,999,999,999,999,999,999,999,999,999,999,999,999,999,999,999,-25,145,-170,"6,039.00","Qu,To,Tap",28.52862664,-82.2304163
48,8357,97.65709686,285,0,10,999,999,999,999,999,999,999,999,-10,20,999,999,999,999,-30,255,999,999,999,999,"Qu,Th,Ts",28.44246903,-82.37261
49,8426,147.69,209,0,5,999,999,999,999,999,999,999,999,-5,25,999,999,-30,5,-35,160,-195,14,999,999,"Qu,Th,That,Ts,To",28.439475,-82.32681111
50,8427,6.14252567,205,0,45,999,999,999,999,999,999,999,999,999,999,999,999,999,999,-45,23,-68,137,999,999,"Qu,Ts,To",28.5352457,-82.59693094
51,8429,90.55426025,105,999,999,999,999,999,999,999,999,999,999,0,20,999,999,999,999,-20,85,999,999,999,999,"Th,Ts",28.53617618,-82.40218459
52,8508,73.93000031,175,0,10,999,999,999,999,999,999,999,999,999,999,999,999,999,999,-10,90,-100,75,999,999,"Qu,Ts,To",28.53040784,-82.33996869
53,8604,83.30273438,208,999,999,999,999,999,999,999,999,999,999,-10,30,999,999,999,999,-40,80,-120,50,-170,38,"Th,Ts,To,Tap",28.53977938,-82.40587702
54,8699,6.14252567,260,0,40,999,999,999,999,999,999,999,999,999,999,999,999,999,999,-40,25,-65,138,-203,57,"Qu,Ts,To,Tap",28.5352457,-82.59693094
55,8840,73.20533752,250,0,15,999,999,999,999,999,999,999,999,-15,45,999,999,-60,30,-90,50,-140,60,-200,50,"Qu,Th,That,Ts,To,Tap",28.40342317,-82.19759065
56,10298,105.3662415,100,-5,25,999,999,999,999,999,999,999,999,-30,40,999,999,-70,10,-80,20,999,999,999,999,"Qu,Th,That,Ts",28.47277778,-82.25138889
57,10299,206.6112213,325,0,5,999,999,999,999,999,999,999,999,-5,95,999,999,999,999,-100,170,-270,55,999,999,"Qu,Th,Ts,To",28.52737778,-82.39348611
58,10302,76.88303375,105,0,40,999,999,999,999,999,999,999,999,999,999,999,999,999,999,999,999,-40,65,999,999,"Qu,To",28.54073631,-82.52483213
59,10319,101.1152191,240,0,65,999,999,999,999,999,999,999,999,-65,18,999,999,999,999,-83,37,-120,120,999,999,"Qu,Th,Ts,To",28.54252322,-82.51870198
60,10352,23.90886497,286,0,40,999,999,999,999,999,999,999,999,-40,10,999,999,999,999,-50,90,-140,146,999,999,"Qu,Th,Ts,To",28.44658515,-82.60677871
61,10354,66.65718079,330,0,20,999,999,999,999,999,999,999,999,-20,45,999,999,999,999,-65,75,-140,125,-265,65,"Qu,Th,Ts,To,Tap",28.4646879,-82.51256243
62,10356,36.41521454,354,0,50,999,999,999,999,999,999,999,999,999,999,999,999,999,999,-50,70,-120,140,-260,94,"Qu,Ts,To,Tap",28.4556137,-82.60886584
63,10357,58.72964478,335,0,45,999,999,999,999,999,999,999,999,999,999,999,999,999,999,-45,110,-155,180,999,999,"Qu,Ts,To",28.47013968,-82.52692185
64,10396,156.4957123,203,0,40,999,999,999,999,999,999,999,999,-40,55,999,999,999,999,999,999,-95,108,999,999,"Qu,Th,To",28.52131968,-82.26345532
65,10464,83.00721741,136,0,20,999,999,999,999,999,999,999,999,-20,50,999,999,999,999,-70,60,-130,6,999,999,"Qu,Th,Ts,To",28.52499573,-82.23453541
66,10467,58.32370758,65,0,35,999,999,999,999,999,999,999,999,999,999,999,999,999,999,-35,30,999,999,999,999,"Qu,Ts",28.48761227,-82.19740765
67,10534,71.36022949,150,0,60,999,999,999,999,999,999,999,999,999,999,999,999,999,999,999,999,-60,90,999,999,"Qu,To",28.50417768,-82.19123167
68,10618,83.45532227,360,0,10,999,999,999,999,999,999,999,999,-10,100,999,999,999,999,999,999,-110,85,-195,165,"Qu,Th,To,Tap",28.46031453,-82.17467267
69,10683,114.9674072,445,999,999,999,999,999,999,999,999,999,999,0,25,999,999,999,999,-25,125,-150,135,-285,160,"Th,Ts,To,Tap",28.50439046,-82.33155507
70,10686,65.87993622,115,0,30,999,999,999,999,999,999,999,999,-30,7,999,999,999,999,999,999,-37,78,999,999,"Qu,Th,To",28.50688332,-82.17988426
71,10742,84.91314697,195,999,999,999,999,999,999,999,999,999,999,-10,45,999,999,999,999,-55,75,-130,65,999,999,"Th,Ts,To",28.42360054,-82.19141315
72,11121,35.19016266,418,0,30,999,999,999,999,999,999,999,999,999,999,999,999,999,999,-30,70,-100,160,-260,158,"Qu,Ts,To,Tap",28.49928933,-82.55943794
73,11209,75.82596588,999,0,60,999,999,999,999,999,999,999,999,999,999,999,999,999,999,-60,65,-125,874,999,999,"Qu,Ts,To",28.51473558,-82.47691873
74,11222,101.6868668,280,0,90,999,999,999,999,999,999,999,999,-90,70,999,999,999,999,-160,10,-170,110,999,999,"Qu,Th,Ts,To",28.48599962,-82.32782492
75,11262,89.67433167,60,0,15,999,999,999,999,999,999,999,999,999,999,999,999,999,999,999,999,-15,45,999,999,"Qu,To",28.48574089,-82.05469945
76,11287,36.41521454,350,0,40,999,999,999,999,999,999,999,999,999,999,999,999,999,999,-40,80,-120,145,-265,85,"Qu,Ts,To,Tap",28.4556137,-82.60886584
77,11292,76.4172821,999,0,20,999,999,999,999,999,999,999,999,-20,20,999,999,999,999,-40,50,-90,909,999,999,"Qu,Th,Ts,To",28.5419316,-82.46515176
78,11293,96.91556549,999,0,30,999,999,999,999,999,999,999,999,999,999,999,999,999,999,-30,969,999,999,999,999,"Qu,Ts",28.54100456,-82.45878929
79,11364,131.7025604,360,-10,10,999,999,999,999,999,999,999,999,999,999,999,999,999,999,-20,170,-190,170,-360,0,"Qu,Ts,To,Tap",28.39761831,-82.34437527
80,11593,69.31219482,140,0,60,999,999,999,999,999,999,999,999,-60,20,999,999,999,999,-80,60,999,999,999,999,"Qu,Th,Ts",28.45747652,-82.18790082
81,11779,87.63448334,110,999,999,999,999,999,999,999,999,999,999,0,30,999,999,999,999,-30,80,999,999,999,999,"Th,Ts",28.38334539,-82.19569588
82,12003,69.63602448,886,999,999,999,999,999,999,999,999,999,999,0,60,999,999,999,999,999,999,-60,150,-210,676,"Th,To,Tap",28.52931721,-82.29250326
83,12367,45.760952,395,0,30,999,999,999,999,999,999,999,999,999,999,999,999,999,999,-30,105,-135,140,-275,120,"Qu,Ts,To,Tap",28.45570751,-82.55939657
84,13292,66.9718399,330,0,45,999,999,999,999,999,999,999,999,999,999,999,999,999,999,-45,55,-100,165,-265,65,"Qu,Ts,To,Tap",28.47014481,-82.4447194
85,13583,8.75834465,72,0,15,999,999,999,999,999,999,999,999,999,999,999,999,-15,20,-35,37,999,999,999,999,"Qu,That,Ts",28.38555245,-82.66923869
86,13743,88.86967468,170,0,30,999,999,999,999,999,999,999,999,-30,40,999,999,-70,15,-85,85,999,999,999,999,"Qu,Th,That,Ts",28.44686113,-82.28821065
87,13799,67.91880035,700,0,50,999,999,999,999,999,999,999,999,999,999,999,999,999,999,-50,150,-200,500,999,999,"Qu,Ts,To",28.38654044,-82.4772608
88,13900,62.46621704,490,0,30,999,999,999,999,999,999,999,999,999,999,999,999,999,999,-30,170,-200,290,999,999,"Qu,Ts,To",28.37745418,-82.47109542
89,13901,66.25266266,640,0,35,999,999,999,999,999,999,999,999,999,999,999,999,999,999,-35,145,-180,160,-340,300,"Qu,Ts,To,Tap",28.42009511,-82.51146305
90,13909,103.5332871,140,0,10,999,999,999,999,999,999,999,999,-10,30,999,999,999,999,-40,100,999,999,999,999,"Qu,Th,Ts",28.41250386,-82.24512412
91,13970,66.36049652,502,0,45,999,999,999,999,999,999,999,999,999,999,999,999,999,999,-45,105,-150,110,-260,242,"Qu,Ts,To,Tap",28.39742936,-82.54323067
92,13973,66.36049652,700,0,40,999,999,999,999,999,999,999,999,999,999,999,999,999,999,-40,110,-150,150,-300,400,"Qu,Ts,To,Tap",28.39742936,-82.54323067
93,14220,62.69645309,706,999,999,999,999,999,999,999,999,999,999,0,25,999,999,999,999,-25,681,999,999,999,999,"Th,Ts",28.41753786,-82.45481843
94,14221,67.34260559,707,0,20,999,999,999,999,999,999,999,999,-20,15,999,999,999,999,-35,120,-155,135,-290,417,"Qu,Th,Ts,To,Tap",28.41368737,-82.45474017
95,14350,67.5320282,705,0,50,999,999,999,999,999,999,999,999,999,999,999,999,-50,20,-70,135,-205,150,-355,350,"Qu,That,Ts,To,Tap",28.39116972,-82.47220442
96,14351,61.64783096,700,999,999,999,999,999,999,999,999,999,999,0,27,999,999,999,999,-27,153,-180,115,-295,405,"Th,Ts,To,Tap",28.41125848,-82.46181733
97,14628,111.5934906,400,0,60,999,999,999,999,999,999,999,999,-60,10,999,999,999,999,-70,80,-150,155,-305,95,"Qu,Th,Ts,To,Tap",28.51468246,-82.51005269
98,14673,31.36053276,355,0,25,999,999,999,999,999,999,999,999,999,999,999,999,999,999,-25,110,-135,180,-315,40,"Qu,Ts,To,Tap",28.43493501,-82.5827035
99,14741,72.15650177,710,999,999,999,999,999,999,999,999,999,999,999,999,999,999,999,999,-20,40,-60,220,-280,430,"Ts,To,Tap",28.41162156,-82.44756493
100,14743,69.99411011,710,0,20,999,999,999,999,999,999,999,999,999,999,999,999,999,999,-20,190,-210,210,-420,290,"Qu,Ts,To,Tap",28.39842819,-82.44483771
101,14794,65.51953125,710,999,999,999,999,999,999,999,999,999,999,0,25,999,999,999,999,-25,125,-150,170,-320,390,"Th,Ts,To,Tap",28.40450389,-82.46379742
102,14796,58.15147781,630,-10,15,999,999,999,999,999,999,999,999,999,999,999,999,999,999,-25,95,-120,180,-300,330,"Qu,Ts,To,Tap",28.41176254,-82.45877931
103,14801,89.59305573,225,0,60,999,999,999,999,999,999,999,999,-60,20,999,999,999,999,999,999,-80,70,-150,75,"Qu,Th,To,Tap",28.48568034,-82.04663726
104,14904,74.88581085,710,0,30,999,999,999,999,999,999,999,999,999,999,999,999,999,999,-30,170,-200,170,-370,340,"Qu,Ts,To,Tap",28.38555479,-82.46887442
105,14911,69.78427124,700,999,999,999,999,999,999,999,999,999,999,0,10,999,999,999,999,-10,240,-250,190,-440,260,"Th,Ts,To,Tap",28.37627324,-82.47751464
106,14998,63.48010254,143,999,999,999,999,999,999,999,999,999,999,0,80,999,999,999,999,-80,63,999,999,999,999,"Th,Ts",28.41191351,-82.47747294
107,15063,69.63602448,410,0,10,999,999,999,999,999,999,999,999,-10,70,999,999,999,999,999,999,-80,225,-305,105,"Qu,Th,To,Tap",28.52931721,-82.29250326
108,15200,21.02641678,90,0,21,999,999,999,999,999,999,999,999,999,999,999,999,-21,19,-40,50,999,999,999,999,"Qu,That,Ts",28.39682183,-82.65793752
109,15202,50.77642059,290.5,0,30,999,999,999,999,999,999,999,999,-30,15,999,999,999,999,-45,25,-70,170,-240,50.5,"Qu,Th,Ts,To,Tap",28.47015373,-82.54313927
110,15585,78.35310364,49,0,27,999,999,999,999,999,999,999,999,-27,10,999,999,999,999,999,999,-37,12,999,999,"Qu,Th,To",28.46046863,-82.08571
111,15586,82.07785797,28.6,999,999,999,999,999,999,999,999,999,999,-7,20,999,999,-27,1.6,999,999,999,999,999,999,"Th,That",28.40226017,-82.08759804
112,15587,70.32294464,28.6,999,999,999,999,999,999,999,999,999,999,-9.6,13.4,999,999,999,999,-23,5.6,999,999,999,999,"Th,Ts",28.41901873,-82.11671799
113,15588,116.9595795,51,999,999,999,999,999,999,999,999,999,999,-10.6,40.4,999,999,999,999,999,999,999,999,999,999,Th,28.37508497,-82.15956499
114,15590,85.94285583,999,0,16.1,999,999,999,999,999,999,999,999,999,999,999,999,999,999,999,999,-16.1,982.9,999,999,"Qu,To",28.51413611,-82.05405833
115,15591,89.99358368,99,999,999,999,999,999,999,999,999,999,999,-5,44,999,999,999,999,999,999,-49,50,999,999,"Th,To",28.44222256,-82.05063503
116,15593,97.48086548,40,-5,31,999,999,999,999,999,999,999,999,999,999,999,999,999,999,999,999,-36,4,999,999,"Qu,To",28.4780549,-81.9761888
117,15594,95.15909576,999,0,3,999,999,999,999,-3,9,999,999,999,999,999,999,999,999,999,999,-12,987,999,999,"Qu,Tc,To",28.4380565,-81.98896624
118,15595,91.60894012,21.27,0,1,999,999,999,999,999,999,999,999,-1,9,999,999,999,999,999,999,-10,11.27,999,999,"Qu,Th,To",28.40765833,-82.00075278
119,15620,95.26109314,999,999,999,999,999,999,999,0,34,999,999,999,999,999,999,999,999,999,999,-34,965,999,999,"Tc,To",28.38344167,-81.96531389
120,15622,96.19191742,999,999,999,999,999,999,999,0,33,999,999,999,999,999,999,999,999,999,999,-33,966,999,999,"Tc,To",28.41276888,-81.9713318
121,15623,95.19816589,999,999,999,999,999,999,999,0,13,999,999,999,999,999,999,999,999,999,999,-13,986,999,999,"Tc,To",28.45454722,-81.99320556
122,15624,93.12999725,52.5,0,49.5,999,999,999,999,999,999,999,999,999,999,999,999,999,999,999,999,-49.5,3,999,999,"Qu,To",28.47112778,-81.99585278
123,15625,97.03295898,39,0,31.8,999,999,999,999,999,999,999,999,999,999,999,999,999,999,999,999,-31.8,7.2,999,999,"Qu,To",28.51493333,-81.96500833
124,15649,5.95137787,814,0,5,999,999,999,999,999,999,999,999,999,999,999,999,999,999,-5,125,-130,150,-280,534,"Qu,Ts,To,Tap",28.45009278,-82.65302323
125,15802,18.24234962,805,0,10,999,999,999,999,999,999,999,999,999,999,999,999,999,999,-10,135,-145,140,-285,520,"Qu,Ts,To,Tap",28.43652177,-82.63871343
126,15933,300.1853332,402,0,152,999,999,999,999,999,999,-152,-148,-4,148,999,999,-152,88,-240,105,-345,57,999,999,"Qu,Thpb,Th,That,Ts,To",28.42743322,-82.26163392
127,16253,75.08879089,999,0,24.5,999,999,999,999,999,999,999,999,999,999,-24.5,25,999,999,999,999,-49.5,949.5,999,999,"Qu,Thc,To",28.50950833,-82.18109444
128,16273,29.49822807,36,-3,26.5,999,999,999,999,999,999,999,999,999,999,999,999,999,999,-29.5,6.5,999,999,999,999,"Qu,Ts",28.51138383,-82.55037347
129,16304,63.4034996,534,0,22,999,999,999,999,999,999,999,999,-22,32,999,999,999,999,999,999,-54,145,-199,335,"Qu,Th,To,Tap",28.4718388,-82.19693853
130,16312,67.50313568,20,0,12,999,999,999,999,999,999,999,999,-12,2.75,999,999,999,999,-14.75,5.25,999,999,999,999,"Qu,Th,Ts",28.46831589,-82.44678045
131,16313,67.50313568,27.5,0,22.5,999,999,999,999,999,999,999,999,-22.5,3.5,999,999,999,999,-26,1.5,999,999,999,999,"Qu,Th,Ts",28.46831589,-82.44678045
132,16314,67.50313568,23,0,15.25,999,999,999,999,999,999,999,999,-15.25,6.75,999,999,999,999,-22,1,999,999,999,999,"Qu,Th,Ts",28.46831589,-82.44678045
133,16315,67.50313568,25,0,16,999,999,999,999,999,999,999,999,-16,4,999,999,999,999,-20,5,999,999,999,999,"Qu,Th,Ts",28.46831589,-82.44678045
134,16316,69.7294693,29,0,18,999,999,999,999,999,999,999,999,-18,11,999,999,999,999,999,999,999,999,999,999,"Qu,Th",28.47379266,-82.44059131
135,16648,67.55763245,110,0,12,999,999,999,999,999,999,999,999,-12,98,999,999,999,999,999,999,999,999,999,999,"Qu,Th",28.46922986,-82.44368837
136,18055,15.32816696,800,0,13,999,999,999,999,999,999,999,999,999,999,999,999,999,999,-13,137,-150,150,-300,500,"Qu,Ts,To,Tap",28.46249892,-82.63388687
137,18118,155.4882813,"1,373.00",0,11,999,999,999,999,999,999,999,999,-11,37,999,999,999,999,-48,131,-179,"1,194.00",999,999,"Qu,Th,Ts,To",28.48888563,-82.32370072
138,18146,5.28542089,168,0,6,999,999,999,999,999,999,999,999,999,999,999,999,999,999,-6,22.8,-28.8,139.2,999,999,"Qu,Ts,To",28.52027253,-82.63259863
139,18153,15.86179543,308,0,35,999,999,999,999,999,999,999,999,999,999,999,999,999,999,-35,51,-86,162,-248,60,"Qu,Ts,To,Tap",28.51777256,-82.60037558
140,18154,5.29428816,43,0,12,999,999,999,999,999,999,999,999,999,999,999,999,999,999,-12,31,999,999,999,999,"Qu,Ts",28.45806001,-82.65591464
141,19292,87.20306396,250,0,11,999,999,999,999,999,999,999,999,-11,10,999,999,999,999,999,999,-21,161.25,-182.25,67.75,"Qu,Th,To,Tap",28.52191942,-82.04458815
142,658,78.23577118,325,0,5,999,999,999,999,999,999,999,999,-5,31,999,999,-36,9,-45,140,-185,130,-315,10,"Qu,Th,That,Ts,To,Tap",28.22671531,-82.16895705
143,662,77.82292175,330,0,5,999,999,999,999,999,999,999,999,-5,45,999,999,-50,30,-80,90,-170,115,-285,45,"Qu,Th,That,Ts,To,Tap",28.22828803,-82.16788612
144,1836,32.30593491,200,0,55,999,999,999,999,999,999,999,999,-55,10,999,999,-65,20,-85,115,999,999,999,999,"Qu,Th,That,Ts",28.25003537,-82.70631922
145,2140,23.4557991,206.5,0,23,999,999,999,999,999,999,999,999,999,999,999,999,-23,57,-80,126.5,999,999,999,999,"Qu,That,Ts",28.26146667,-82.6775067
146,2160,226.984787,957,0,70,999,999,999,999,999,999,999,999,-70,55,999,999,-125,25,-150,156,-306,124,-430,527,"Qu,Th,That,Ts,To,Tap",28.29558006,-82.19020939
147,2707,117.5654678,188,0,40,999,999,999,999,999,999,999,999,-40,30,999,999,999,999,-70,118,999,999,999,999,"Qu,Th,Ts",28.37330769,-82.20705122
148,2972,102.7109909,964,999,999,999,999,999,999,999,999,999,999,999,999,999,999,999,999,-65,120,-185,130,-315,649,"Ts,To,Tap",28.24157985,-82.18055872
149,3570,17.97891235,200,0,8,999,999,999,999,999,999,999,999,999,999,999,999,999,999,-8,192,999,999,999,999,"Qu,Ts",28.28135486,-82.70833865
150,3698,18.31734467,100,0,25,999,999,999,999,999,999,999,999,-25,7,999,999,999,999,-32,68,999,999,999,999,"Qu,Th,Ts",28.28230442,-82.7094205
151,3805,1.53701854,218,0,40,999,999,999,999,999,999,999,999,999,999,999,999,-40,45,-85,133,999,999,999,999,"Qu,That,Ts",28.33765197,-82.7063182
152,4233,74.39753723,155,0,42,999,999,999,999,999,999,999,999,999,999,999,999,-42,28,-70,85,999,999,999,999,"Qu,That,Ts",28.22001014,-82.45558782
153,4468,80.41129303,475,0,40,999,999,999,999,999,999,999,999,-40,70,999,999,999,999,999,999,-110,120,-230,245,"Qu,Th,To,Tap",28.34400696,-82.18865706
154,4645,37.72275925,590,0,38,999,999,999,999,999,999,999,999,999,999,999,999,-38,68,-106,234,-340,155,-495,95,"Qu,That,Ts,To,Tap",28.17367398,-82.6471766
155,4754,89.2773819,306,999,999,999,999,999,999,999,999,999,999,0,50,999,999,999,999,-50,120,-170,136,999,999,"Th,Ts,To",28.23902773,-82.16558889
156,5054,95.87256622,144,0,6,999,999,999,999,999,999,999,999,999,999,999,999,999,999,999,999,-6,119,-125,19,"Qu,To,Tap",28.35778192,-82.03981197
157,5124,100.4095917,115,0,45,999,999,999,999,999,999,999,999,999,999,999,999,999,999,-45,75,-120,-5,999,999,"Qu,Ts,To",28.36311219,-82.18848076
158,5271,13.23998737,80,0,17,999,999,999,999,999,999,999,999,999,999,999,999,999,999,-17,63,999,999,999,999,"Qu,Ts",28.34773607,-82.69293896
159,5272,21.3923111,180,0,12.5,999,999,999,999,999,999,999,999,999,999,999,999,-12.5,47.5,-60,120,999,999,999,999,"Qu,That,Ts",28.21786267,-82.73490281
160,5279,14.16137505,95,0,10,999,999,999,999,999,999,999,999,999,999,999,999,999,999,-10,85,999,999,999,999,"Qu,Ts",28.31136926,-82.69301956
161,5282,118.9876328,153,0,10,999,999,999,999,999,999,999,999,-10,35,999,999,-45,20,-65,65,-130,23,999,999,"Qu,Th,That,Ts,To",28.32663865,-82.22198794
162,5339,22.6975956,345,0,35,999,999,999,999,999,999,999,999,999,999,999,999,-35,15,-50,245,-295,50,999,999,"Qu,That,Ts,To",28.30777734,-82.67243102
163,5350,85.26081848,200,0,20,999,999,999,999,999,999,999,999,999,999,999,999,999,999,-20,30,-50,120,-170,30,"Qu,Ts,To,Tap",28.28196003,-82.11642737
164,5484,39.26283264,225,0,35,999,999,999,999,999,999,999,999,999,999,999,999,-35,95,-130,95,999,999,999,999,"Qu,That,Ts",28.25474118,-82.70223016
165,5485,11.96599388,105,0,30,999,999,999,999,999,999,999,999,999,999,999,999,-30,10,-40,65,999,999,999,999,"Qu,That,Ts",28.19612938,-82.73473165
166,5673,19.2624054,120,0,37,999,999,999,999,999,999,999,999,999,999,999,999,999,999,-37,83,999,999,999,999,"Qu,Ts",28.26134979,-82.70009821
167,5829,25.39167023,75,-10,3,999,999,999,999,999,999,999,999,999,999,999,999,999,999,-13,62,999,999,999,999,"Qu,Ts",28.37244161,-82.67215834
168,5863,105.8840332,640,0,45,999,999,999,999,999,999,999,999,999,999,999,999,-45,40,-85,130,-215,140,-355,285,"Qu,That,Ts,To,Tap",28.3112972,-82.29065284
169,5865,126.1565018,600,0,10,999,999,999,999,999,999,999,999,-10,40,999,999,999,999,-50,120,-170,140,-310,290,"Qu,Th,Ts,To,Tap",28.31942494,-82.27119448
170,6314,76.05339813,140,-10,25,999,999,999,999,999,999,999,999,999,999,999,999,999,999,-35,65,-100,40,999,999,"Qu,Ts,To",28.36416817,-82.18442918
171,6323,14.82753754,100,0,8,999,999,999,999,999,999,999,999,999,999,999,999,-8,92,999,999,999,999,999,999,"Qu,That",28.18706469,-82.72861851
172,6482,14.1323843,100,0,35,999,999,999,999,999,999,999,999,999,999,999,999,-35,10,-45,55,999,999,999,999,"Qu,That,Ts",28.17599508,-82.73480158
173,6504,135.0618286,218,0,46,999,999,999,999,999,999,999,999,999,999,999,999,999,999,-46,172,999,999,999,999,"Qu,Ts",28.35176383,-82.20522508
174,7403,31.52929306,115,0,40,999,999,999,999,999,999,999,999,999,999,999,999,999,999,-40,75,999,999,999,999,"Qu,Ts",28.27968052,-82.62399176
175,7405,49.46984863,73,0,47,999,999,999,999,999,999,999,999,999,999,999,999,999,999,-47,26,999,999,999,999,"Qu,Ts",28.33036408,-82.55607149
176,7411,36.22189331,301,0,25,999,999,999,999,999,999,999,999,999,999,999,999,-25,42,-67,234,999,999,999,999,"Qu,That,Ts",28.2063989,-82.65926344
177,7414,58.34842682,69,0,50,999,999,999,999,999,999,999,999,999,999,999,999,999,999,-50,19,999,999,999,999,"Qu,Ts",28.19556555,-82.51287113
178,7418,58.34842682,345,0,53,999,999,999,999,999,999,999,999,999,999,999,999,999,999,-53,292,999,999,999,999,"Qu,Ts",28.19556555,-82.51287113
179,7419,89.8681488,113,0,75,999,999,999,999,999,999,999,999,999,999,999,999,999,999,-75,38,999,999,999,999,"Qu,Ts",28.32374542,-82.35621378
180,7464,31.39027023,73,0,25,999,999,999,999,999,999,999,999,999,999,999,999,999,999,-25,48,999,999,999,999,"Qu,Ts",28.33741104,-82.62662506
181,7465,79.49568176,73,0,30,999,999,999,999,999,999,999,999,999,999,999,999,999,999,-30,43,999,999,999,999,"Qu,Ts",28.32194846,-82.44592516
182,7466,128.6413117,150,0,35,999,999,999,999,999,999,999,999,-35,65,999,999,999,999,-100,50,999,999,999,999,"Qu,Th,Ts",28.28778266,-82.27869625
183,7647,26.89106941,109,0,37,999,999,999,999,999,999,999,999,999,999,999,999,999,999,-37,72,999,999,999,999,"Qu,Ts",28.17966594,-82.73191155
184,7674,106.0200806,280,0,20,999,999,999,999,999,999,999,999,-20,60,999,999,999,999,-80,170,-250,30,999,999,"Qu,Th,Ts,To",28.33756178,-82.23505863
185,8318,67.39993286,610,0,65,999,999,999,999,999,999,999,999,999,999,999,999,999,999,-65,175,-240,155,-395,215,"Qu,Ts,To,Tap",28.35555418,-82.47531238
186,8488,20.23821831,65,0,15,999,999,999,999,999,999,999,999,999,999,999,999,-15,50,999,999,999,999,999,999,"Qu,That",28.20486414,-82.74343989
187,8507,184.855896,345,0,10,999,999,999,999,999,999,999,999,-10,30,999,999,-40,305,999,999,999,999,999,999,"Qu,Th,That",28.35223916,-82.28061549
188,10296,18.80334663,125,0,15,999,999,999,999,999,999,999,999,999,999,999,999,-15,35,-50,75,999,999,999,999,"Qu,That,Ts",28.29934995,-82.7013917
189,10468,8.71792126,178,999,999,999,999,999,999,999,999,999,999,999,999,999,999,999,999,-18,160,999,999,999,999,Ts,28.37425831,-82.6829167
190,10596,62.93166733,125,0,5,999,999,999,999,999,999,999,999,999,999,999,999,999,999,-5,120,999,999,999,999,"Qu,Ts",28.17894727,-82.17999571
191,10617,124.204292,360,-10,40,999,999,999,999,999,999,999,999,999,999,999,999,-50,20,-70,40,-110,135,-245,115,"Qu,That,Ts,To,Tap",28.33484068,-82.2003106
192,10727,66.83988953,94,0,35,999,999,999,999,999,999,999,999,999,999,999,999,999,999,-35,59,999,999,999,999,"Qu,Ts",28.18985679,-82.46488903
193,10740,123.5846176,180,999,999,999,999,999,999,999,999,999,999,0,40,999,999,-40,30,-70,110,999,999,999,999,"Th,That,Ts",28.3714,-82.35713889
194,10744,134.1806183,160,-10,40,999,999,999,999,999,999,999,999,999,999,999,999,999,999,-50,110,999,999,999,999,"Qu,Ts",28.3504941,-82.23292164
195,10891,28.8,647,0,29,999,999,999,999,999,999,999,999,999,999,999,999,-29,26,-55,220,-275,130,-405,242,"Qu,That,Ts,To,Tap",28.3089753,-82.67459652
196,11052,83.09080505,80,0,45,999,999,999,999,999,999,999,999,-45,25,999,999,999,999,-70,10,999,999,999,999,"Qu,Th,Ts",28.33115618,-82.22166198
197,11221,15.63729763,57,0,25,999,999,999,999,999,999,999,999,999,999,999,999,-25,32,999,999,999,999,999,999,"Qu,That",28.20965196,-82.73995089
198,11268,72.39841461,213,0,50,999,999,999,999,999,999,999,999,999,999,999,999,-50,90,-140,73,999,999,999,999,"Qu,That,Ts",28.18757828,-82.46765856
199,11297,81.97702026,265,0,20,999,999,999,999,999,999,999,999,-20,95,999,999,999,999,-115,40,-155,110,999,999,"Qu,Th,Ts,To",28.28092652,-82.17974269
200,11362,146.0382538,760,0,50,999,999,999,999,999,999,999,999,-50,110,999,999,999,999,-160,170,-330,430,999,999,"Qu,Th,Ts,To",28.36866447,-82.2786116
201,11429,16.21089935,120,999,999,999,999,999,999,999,999,999,999,-30,10,999,999,999,999,-40,80,999,999,999,999,"Th,Ts",28.32956155,-82.69302412
202,11431,21.60313606,127,0,20,999,999,999,999,999,999,999,999,999,999,999,999,-20,10,-30,97,999,999,999,999,"Qu,That,Ts",28.32405158,-82.69098669
203,11493,2.67913079,115,0,15,999,999,999,999,999,999,999,999,999,999,999,999,-15,10,-25,90,999,999,999,999,"Qu,That,Ts",28.32402869,-82.70735506
204,11563,96.05690002,240,0,30,999,999,999,999,999,999,999,999,999,999,999,999,999,999,-30,110,-140,100,999,999,"Qu,Ts,To",28.32511898,-82.32482957
205,11588,28.65852928,110,0,30,999,999,999,999,999,999,999,999,-30,15,999,999,999,999,-45,65,999,999,999,999,"Qu,Th,Ts",28.33123758,-82.64171731
206,11663,75.17366791,130,0,50,999,999,999,999,999,999,999,999,999,999,999,999,999,999,-50,80,999,999,999,999,"Qu,Ts",28.22274246,-82.47695355
207,11781,9.38372612,108,0,18,999,999,999,999,999,999,999,999,999,999,999,999,-18,12,-30,78,999,999,999,999,"Qu,That,Ts",28.20401807,-82.73835483
208,11791,23.49373436,220,0,20,999,999,999,999,999,999,999,999,999,999,999,999,-20,15,-35,105,-140,80,999,999,"Qu,That,Ts,To",28.26595842,-82.67439765
209,11825,40.79052353,100,999,999,999,999,999,999,999,999,999,999,999,999,999,999,-45,7.5,-52.5,47.5,999,999,999,999,"That,Ts",28.18041657,-82.60865876
210,11867,30.43029785,"9,600.00",999,999,999,999,999,999,999,999,999,999,999,999,999,999,999,999,999,999,0,430,-430,"9,170.00","To,Tap",28.22371596,-82.6086969
211,12062,125.9058075,309,0,40,999,999,999,999,999,999,999,999,999,999,999,999,999,999,-40,75,-115,145,-260,49,"Qu,Ts,To,Tap",28.33949594,-82.21233977
212,12345,74.6579361,233,0,30,999,999,999,999,999,999,999,999,999,999,999,999,-30,30,-60,280,-340,110,-450,-217,"Qu,That,Ts,To,Tap",28.19262174,-82.4638339
213,12346,79.53784943,250,0,40,999,999,999,999,999,999,999,999,999,999,999,999,-40,35,-75,175,999,999,999,999,"Qu,That,Ts",28.28445965,-82.46620902
214,12536,85.86010742,140,0,60,999,999,999,999,999,999,999,999,-60,30,999,999,999,999,-90,40,-130,10,999,999,"Qu,Th,Ts,To",28.27245291,-82.17307026
215,12779,86.51551056,80,0,15,999,999,999,999,999,999,999,999,-15,10,999,999,-25,55,999,999,999,999,999,999,"Qu,Th,That",28.2370719,-82.22977506
216,12828,68.90503693,700,999,999,999,999,999,999,999,999,999,999,999,999,999,999,0,100,-100,100,-200,190,-390,310,"That,Ts,To,Tap",28.29949911,-82.380218
217,12829,71.991745,700,0,20,999,999,999,999,999,999,999,999,-20,20,999,999,-40,55,-95,130,-225,140,-365,335,"Qu,Th,That,Ts,To,Tap",28.30460777,-82.38036787
218,12830,61.52815628,700,0,15,999,999,999,999,999,999,999,999,-15,5,999,999,-20,30,-50,185,-235,135,-370,330,"Qu,Th,That,Ts,To,Tap",28.27826006,-82.40147889
219,12831,70.39059448,700,999,999,999,999,999,999,999,999,999,999,0,30,999,999,-30,30,-60,110,-170,135,-305,395,"Th,That,Ts,To,Tap",28.30943804,-82.37833749
220,12863,26.40245819,100,0,25,999,999,999,999,999,999,999,999,999,999,999,999,-25,10,-35,65,999,999,999,999,"Qu,That,Ts",28.31325224,-82.68689904
221,12945,84.66413116,90,0,40,999,999,999,999,999,999,999,999,-40,50,999,999,999,999,999,999,999,999,999,999,"Qu,Th",28.25774526,-82.34047631
222,12991,67.33086395,491,0,20,999,999,999,999,999,999,999,999,-20,10,999,999,-30,50,-80,115,-195,140,-335,156,"Qu,Th,That,Ts,To,Tap",28.29741647,-82.38450757
223,13294,65.19552612,480,0,50,999,999,999,999,999,999,999,999,999,999,999,999,999,999,-50,430,999,999,999,999,"Qu,Ts",28.17535442,-82.45673766
224,13410,52.91148376,105,0,15,999,999,999,999,999,999,999,999,999,999,999,999,999,999,-15,30,-45,60,999,999,"Qu,Ts,To",28.18191303,-82.18619594
225,13428,89.53638458,132,0,10,999,999,999,999,999,999,999,999,-10,42,999,999,999,999,-52,80,999,999,999,999,"Qu,Th,Ts",28.2515066,-82.18881556
226,13444,70.93336487,521,0,20,999,999,999,999,999,999,999,999,999,999,999,999,-20,60,-80,175,-255,266,999,999,"Qu,That,Ts,To",28.29364489,-82.38867458
227,13581,17.34939003,142,0,17,999,999,999,999,999,999,999,999,999,999,999,999,-17,58,-75,67,999,999,999,999,"Qu,That,Ts",28.18032832,-82.78905911
228,13582,8.99947166,70,0,12,999,999,999,999,999,999,999,999,999,999,999,999,-12,43,-55,15,999,999,999,999,"Qu,That,Ts",28.2047478,-82.77285473
229,13681,15.4603157,80,-7,23,999,999,999,999,999,999,999,999,999,999,999,999,-30,25,-55,25,999,999,999,999,"Qu,That,Ts",28.33589592,-82.66309512
230,13802,74.6444397,700,0,34,999,999,999,999,999,999,999,999,999,999,999,999,999,999,-34,181,-215,170,-385,315,"Qu,Ts,To,Tap",28.36279281,-82.4712144
231,13899,73.5242157,700,0,65,999,999,999,999,999,999,999,999,999,999,999,999,999,999,-65,160,-225,475,999,999,"Qu,Ts,To",28.3618539,-82.4763405
232,13902,68.22764587,700,0,56,999,999,999,999,999,999,999,999,999,999,999,999,999,999,-56,139,-195,150,-345,355,"Qu,Ts,To,Tap",28.36927251,-82.45368476
233,13923,45.19417953,905,0,10,999,999,999,999,999,999,999,999,-10,5,999,999,-15,22,-37,243,-280,140,-420,485,"Qu,Th,That,Ts,To,Tap",28.24639713,-82.59453991
234,13924,49.73586273,905,0,27,999,999,999,999,999,999,999,999,999,999,999,999,-27,18,-45,257,-302,151,-453,452,"Qu,That,Ts,To,Tap",28.24639713,-82.59509543
235,14046,30.38887596,515,-10,15,999,999,999,999,999,999,999,999,999,999,999,999,999,999,-25,225,-250,120,-370,145,"Qu,Ts,To,Tap",28.3389095,-82.60840484
236,14201,83.64266968,180,0,20,999,999,999,999,999,999,999,999,-20,40,999,999,999,999,-60,120,999,999,999,999,"Qu,Th,Ts",28.23956102,-82.20607321
237,14352,75.81547546,702,0,50,999,999,999,999,999,999,999,999,999,999,999,999,999,999,-50,185,-235,135,-370,332,"Qu,Ts,To,Tap",28.36016646,-82.45562679
238,14589,70.52778625,705,0,30,999,999,999,999,999,999,999,999,999,999,999,999,999,999,-30,180,-210,150,-360,345,"Qu,Ts,To,Tap",28.29822706,-82.37337367
239,14590,70.52778625,705,0,40,999,999,999,999,999,999,999,999,999,999,999,999,999,999,-40,130,-170,535,999,999,"Qu,Ts,To",28.29822706,-82.37337367
240,14591,69.98152161,705,0,20,999,999,999,999,999,999,999,999,-20,15,999,999,999,999,-35,145,-180,525,999,999,"Qu,Th,Ts,To",28.30005678,-82.38559916
241,14592,67.828125,703,0,20,999,999,999,999,999,999,999,999,-20,10,999,999,-30,45,-75,100,-175,155,-330,373,"Qu,Th,That,Ts,To,Tap",28.29631788,-82.3794731
242,14596,73.92547607,700,0,50,999,999,999,999,999,999,999,999,999,999,999,999,999,999,-50,150,-200,165,-365,335,"Qu,Ts,To,Tap",28.37329532,-82.46811336
243,14669,107.2979279,505,0,105,999,999,999,999,999,999,999,999,999,999,999,999,-105,400,999,999,999,999,999,999,"Qu,That",28.24031876,-82.32370415
244,14674,9.79236221,139,0,3,999,999,999,999,999,999,999,999,999,999,999,999,-3,17,-20,119,999,999,999,999,"Qu,That,Ts",28.32142098,-82.70186175
245,14675,28.76107979,196.5,0,280,999,999,999,999,999,999,999,999,999,999,999,999,999,999,999,999,-280,-83.5,999,999,"Qu,To",28.3223654,-82.67785342
246,14705,22.36975479,410,0,25,999,999,999,999,999,999,999,999,999,999,999,999,-25,30,-55,200,-255,155,999,999,"Qu,That,Ts,To",28.21522354,-82.67633743
247,14706,22.41811371,315,0,25,999,999,999,999,999,999,999,999,999,999,999,999,-25,30,-55,230,-285,30,999,999,"Qu,That,Ts,To",28.2334027,-82.68034132
248,14910,74.48374939,705,0,55,999,999,999,999,999,999,999,999,999,999,999,999,999,999,-55,170,-225,135,-360,345,"Qu,Ts,To,Tap",28.3654617,-82.46682224
249,15000,91.74184418,590,0,15,999,999,999,999,999,999,999,999,-15,15,999,999,999,999,-30,210,-240,95,-335,255,"Qu,Th,Ts,To,Tap",28.23678209,-82.32849978
250,15074,71.50835419,163,0,72,999,999,999,999,999,999,999,999,999,999,999,999,999,999,-72,91,999,999,999,999,"Qu,Ts",28.2227364,-82.4606379
251,15199,48.75291824,212,0,32,999,999,999,999,999,999,999,999,999,999,999,999,-32,28,-60,152,999,999,999,999,"Qu,That,Ts",28.18034057,-82.59232036
252,15295,43.92974854,770,0,35,999,999,999,999,999,999,999,999,999,999,999,999,-35,20,-55,290,-345,125,-470,300,"Qu,That,Ts,To,Tap",28.24174247,-82.57988008
253,15296,24.75689697,855,0,12,999,999,999,999,999,999,999,999,999,999,999,999,-12,38,-50,215,-265,165,-430,425,"Qu,That,Ts,To,Tap",28.25497913,-82.65348665
254,15298,45.45962906,770,0,20,999,999,999,999,999,999,999,999,999,999,999,999,-20,305,999,999,-325,445,999,999,"Qu,That,To",28.24903593,-82.56349461
255,15331,56.61753845,340,999,999,999,999,999,999,999,999,999,999,-40,60,999,999,-100,20,-120,25,-145,10,-155,185,"Th,That,Ts,To,Tap",28.19475603,-82.5924084
256,15589,75.20327759,52,999,999,999,999,999,999,999,999,999,999,0,52,999,999,999,999,999,999,999,999,999,999,Th,28.35131541,-82.12272355
257,15616,98.20517731,35.1,0,2,999,999,-2,30,999,999,999,999,999,999,999,999,999,999,999,999,-32,3.1,999,999,"Qu,TQu,To",28.35359166,-81.96571389
258,15617,92.48932648,54,0,2,999,999,999,999,999,999,999,999,-2,52,999,999,999,999,999,999,999,999,999,999,"Qu,Th",28.32472787,-81.99813132
259,15618,91.14026642,20.5,0,12,999,999,999,999,999,999,999,999,-12,8.5,999,999,999,999,999,999,999,999,999,999,"Qu,Th",28.36917027,-82.01729934
260,15619,95.52702332,32.5,0,2.5,999,999,-2.5,30,999,999,999,999,999,999,999,999,999,999,999,999,999,999,999,999,"Qu,TQu",28.36833724,-81.98118724
261,15647,75.37478638,665,0,30,999,999,999,999,999,999,999,999,999,999,999,999,999,999,999,999,-30,115,-145,520,"Qu,To,Tap",28.3600512,-82.14199764
262,15684,20.04838943,310,-24,11,999,999,999,999,999,999,999,999,-35,10,999,999,999,999,-45,265,999,999,999,999,"Qu,Th,Ts",28.25629412,-82.7104714
263,15917,76.58869934,65,0,35,999,999,999,999,999,999,999,999,999,999,999,999,-35,15,-50,15,999,999,999,999,"Qu,That,Ts",28.3411088,-82.43831097
264,15918,79.76234436,65,0,34,999,999,999,999,999,999,999,999,999,999,999,999,-34,11,-45,20,999,999,999,999,"Qu,That,Ts",28.30430984,-82.45015916
265,15919,77.26170349,65,0,25,999,999,999,999,999,999,999,999,999,999,999,999,-25,21,-46,19,999,999,999,999,"Qu,That,Ts",28.33734097,-82.41353109
266,15920,78.26155853,65,0,37,999,999,999,999,999,999,999,999,999,999,999,999,-37,11,-48,17,999,999,999,999,"Qu,That,Ts",28.36295481,-82.4135753
267,15976,52.71496964,700,0,20,999,999,999,999,999,999,999,999,-20,10,999,999,999,999,-30,210,-240,140,-380,320,"Qu,Th,Ts,To,Tap",28.20313774,-82.37576743
268,15977,52.71496964,700,0,25,999,999,999,999,999,999,999,999,999,999,999,999,999,999,-25,230,-255,135,-390,310,"Qu,Ts,To,Tap",28.20313774,-82.37576743
269,15993,203.2782898,162,0,10,999,999,999,999,999,999,999,999,-10,136,999,999,999,999,-146,16,999,999,999,999,"Qu,Th,Ts",28.28611894,-82.19423719
270,16269,79.79512787,35,0,7,999,999,999,999,999,999,999,999,-7,28,999,999,999,999,999,999,999,999,999,999,"Qu,Th",28.23084119,-82.18591471
271,16474,66.12528992,71,0,56,999,999,999,999,999,999,999,999,999,999,999,999,999,999,-56,15,999,999,999,999,"Qu,Ts",28.19153722,-82.48019762
272,16477,59.21720123,55,0,38.5,999,999,999,999,999,999,999,999,999,999,999,999,-38.5,16.5,999,999,999,999,999,999,"Qu,That",28.21389701,-82.5162217
273,16495,39.63789368,98,0,60,999,999,999,999,999,999,999,999,-60,6,999,999,999,999,-66,32,999,999,999,999,"Qu,Th,Ts",28.21158779,-82.71330426
274,16496,24.70802116,68,0,26,999,999,999,999,999,999,999,999,999,999,999,999,-26,12,-38,30,999,999,999,999,"Qu,That,Ts",28.20764484,-82.68136053
275,16572,15.89676285,"1,132.00",0,135,999,999,999,999,999,999,999,999,999,999,999,999,999,999,-135,200,-335,797,999,999,"Qu,Ts,To",28.19528831,-82.7109312
276,16609,6.62106609,549,0,36,999,999,999,999,999,999,999,999,999,999,999,999,-36,74,-110,210,-320,140,-460,89,"Qu,That,Ts,To,Tap",28.24045981,-82.70967838
277,17991,67.36074829,559,999,999,999,999,999,999,999,999,999,999,999,999,999,999,-10,14,-24,130,-154,131,-285,274,"That,Ts,To,Tap",28.19555999,-82.1677773
278,18147,66.23573303,99,0,12,999,999,999,999,999,999,999,999,-12,5,999,999,-17,2,-19,80,999,999,999,999,"Qu,Th,That,Ts",28.19417622,-82.20035991
279,18148,89.32757568,104,0,34,999,999,999,999,999,999,999,999,999,999,999,999,-34,16,-50,54,999,999,999,999,"Qu,That,Ts",28.17556685,-82.12146825
280,18149,102.4757385,34,0,5,999,999,999,999,999,999,999,999,-5,41,999,999,999,999,-46,-12,999,999,999,999,"Qu,Th,Ts",28.26093778,-82.21884265
281,18150,90.41210938,99,0,7,999,999,999,999,999,999,999,999,-7,92,999,999,999,999,999,999,999,999,999,999,"Qu,Th",28.23723191,-82.17997967
282,18151,109.590065,99,0,10,999,999,999,999,999,999,999,999,-10,17,999,999,-27,72,999,999,999,999,999,999,"Qu,Th,That",28.25177001,-82.24594561
283,18156,83.86712646,88,0,17,999,999,999,999,999,999,999,999,-17,71,999,999,999,999,999,999,999,999,999,999,"Qu,Th",28.25917393,-82.11368992
284,18605,18.02010918,44,0,32,999,999,999,999,999,999,999,999,-32,12,999,999,999,999,999,999,999,999,999,999,"Qu,Th",28.25750811,-82.66593052
285,18606,19.11470032,145,0,27.5,999,999,999,999,999,999,999,999,999,999,999,999,-27.5,37.5,-65,55,-120,330,-450,-305,"Qu,That,Ts,To,Tap",28.26223014,-82.68204204
286,992,3.6866374,305,0,10,999,999,999,999,999,999,999,999,999,999,999,999,-10,100,-110,195,999,999,999,999,"Qu,That,Ts",28.164811,-82.77505
287,1645,7.15485382,140,-18,17,999,999,999,999,999,999,999,999,999,999,999,999,-35,105,999,999,999,999,999,999,"Qu,That",28.04,-82.682319
288,1739,56.74061584,130,0,25,999,999,999,999,999,999,999,999,-25,40,999,999,-65,65,999,999,999,999,999,999,"Qu,Th,That",28.00535,-82.711839
289,1741,31.83340263,83,0,15,999,999,999,999,999,999,999,999,-15,10,999,999,-25,58,999,999,999,999,999,999,"Qu,Th,That",28.019081,-82.7721
290,1742,68.82408905,147,0,60,999,999,999,999,999,999,999,999,999,999,999,999,-60,87,999,999,999,999,999,999,"Qu,That",28.077781,-82.755511
291,2007,4.52141666,"1,805.00",999,999,999,999,999,999,999,999,999,999,-10,30,999,999,-40,"1,765.00",999,999,999,999,999,999,"Th,That",28.006311,-82.677969
292,2493,53.38401413,110,999,999,999,999,999,999,999,999,999,999,999,999,999,999,-48,62,999,999,999,999,999,999,That,28.033,-82.288131
293,2779,68.62879944,252,0,35,999,999,999,999,999,999,999,999,999,999,999,999,-35,217,999,999,999,999,999,999,"Qu,That",28.003431,-82.745639
294,3428,68.11051941,381,0,37,999,999,999,999,999,999,999,999,-37,0,999,999,-37,60,-97,183,-280,101,999,999,"Qu,Th,That,Ts,To",28.147039,-82.459561
295,4506,17.01929855,"4,298.00",0,45,999,999,999,999,999,999,999,999,999,999,999,999,-45,135,-180,265,-445,110,-555,"3,743.00","Qu,That,Ts,To,Tap",28.0795,-82.658911
296,5069,43.24807739,"1,010.00",999,999,999,999,999,999,999,999,999,999,999,999,999,999,-15,75,-90,230,-320,120,-440,570,"That,Ts,To,Tap",28.070831,-82.432781
297,6232,39.38999939,"1,200.00",0,16,999,999,999,999,999,999,999,999,-16,14,999,999,-30,140,-170,280,-450,80,-530,670,"Qu,Th,That,Ts,To,Tap",28.07678391,-82.62327431
298,6863,135.2335053,628,0,35,999,999,999,999,999,999,-35,55,999,999,999,999,-90,70,-160,80,-240,130,-370,258,"Qu,Thpb,That,Ts,To,Tap",28.041039,-82.001431
299,10409,70.85954285,60,999,999,999,999,999,999,999,999,999,999,999,999,999,999,-59.5,0.5,999,999,999,999,999,999,That,28.066039,-82.740269
300,12943,15.35351849,"3,000.00",0,30,999,999,999,999,999,999,999,999,999,999,999,999,-30,78,-108,232,-340,130,-470,"2,530.00","Qu,That,Ts,To,Tap",28.107719,-82.75775
301,12965,90.19999695,100,0,3,999,999,999,999,999,999,999,999,-3,7,999,999,999,999,999,999,-10,90,999,999,"Qu,Th,To",28.29865,-82.019039
302,12966,96.4790802,100,0,3,999,999,999,999,999,999,999,999,999,999,999,999,999,999,999,999,-3,97,999,999,"Qu,To",28.291669,-82.011081
303,12967,97.75377655,100,0,9.5,999,999,999,999,999,999,999,999,999,999,999,999,999,999,999,999,-9.5,90.5,999,999,"Qu,To",28.262231,-82.011011
304,13717,103.5622253,68,0,50,999,999,999,999,999,999,999,999,999,999,999,999,-50,18,999,999,999,999,999,999,"Qu,That",28.062111,-82.13295
305,13944,30.80148315,520,0,5,999,999,999,999,999,999,999,999,-5,10,999,999,-15,505,999,999,999,999,999,999,"Qu,Th,That",28.10565,-82.3114
306,14016,131.9029846,150,0,95,999,999,999,999,999,999,999,999,999,999,999,999,-95,55,999,999,999,999,999,999,"Qu,That",28.003061,-82.211939
307,14672,42.18260193,444,999,999,999,999,999,999,999,999,999,999,0,20,999,999,-20,60,-80,185,-265,179,999,999,"Th,That,Ts,To",28.056242,-82.343725
308,14889,106.6423187,380,0,15,999,999,999,999,999,999,999,999,999,999,999,999,-15,365,999,999,999,999,999,999,"Qu,That",28.220139,-82.023408
309,15204,55.03491211,604,0,15,999,999,999,999,999,999,999,999,-15,20,999,999,-35,569,999,999,999,999,999,999,"Qu,Th,That",28.025561,-82.757781
310,15321,87.46488953,314,999,999,999,999,999,999,999,999,999,999,999,999,999,999,-80,45,-125,189,999,999,999,999,"That,Ts",28.046831,-82.195589
311,15342,142,680,0,40,999,999,999,999,999,999,-40,-25,-15,95,999,999,-110,80,-190,132,-322,143,-465,215,"Qu,Thpb,Th,That,Ts,To,Tap",28.02155,-82.059519
312,15345,56.26092529,420,0,36,999,999,999,999,999,999,999,999,999,999,999,999,-36,384,999,999,999,999,999,999,"Qu,That",28.026881,-82.248081
313,16468,21.3962841,51,0,37.4,999,999,999,999,999,999,999,999,999,999,999,999,-37.4,13.6,999,999,999,999,999,999,"Qu,That",28.036669,-82.568331
314,16471,9.79333401,57,0,8,999,999,999,999,999,999,999,999,-8,49,999,999,999,999,999,999,999,999,999,999,"Qu,Th",28.058,-82.711411
315,16480,1.75,74,0,40.6,999,999,999,999,999,999,999,999,999,999,999,999,-40.6,33.4,999,999,999,999,999,999,"Qu,That",28.156769,-82.727161
316,16494,64.11000061,73,0,39,999,999,999,999,999,999,999,999,999,999,999,999,-39,34,999,999,999,999,999,999,"Qu,That",28.1611,-82.4469
317,16575,23.80774689,"1,285.00",999,999,999,999,999,999,999,999,999,999,999,999,999,999,-25,130,-155,255,-410,170,-580,705,"That,Ts,To,Tap",28.069892,-82.611756
318,16658,31.86519051,800,0,20,999,999,999,999,999,999,999,999,999,999,999,999,-20,780,999,999,999,999,999,999,"Qu,That",28.021169,-82.422531
319,2158,53.75096512,111,999,999,999,999,999,999,999,999,999,999,999,999,999,999,-56,55,999,999,999,999,999,999,That,28.06222222,-82.25
320,2774,127.5456314,198,999,999,999,999,999,999,999,999,999,999,999,999,999,999,-60,138,999,999,999,999,999,999,That,28.11694444,-82.0111111
321,3970,41.05555344,465,0,20,999,999,999,999,999,999,999,999,999,999,999,999,-20,180,-200,135,-335,130,999,999,"Qu,That,Ts,To",28.02083333,-82.38083332
322,4254,129.7290039,600,0,10,999,999,999,999,999,999,-10,60,999,999,999,999,-70,50,-120,120,-240,100,-340,260,"Qu,Thpb,That,Ts,To,Tap",28.12694444,-82.01055555
323,4614,74.58830261,510,0,50,999,999,999,999,999,999,999,999,999,999,999,999,-50,80,-130,220,-350,160,999,999,"Qu,That,Ts,To",28.045,-82.38805555
324,6014,16.53832817,807,0,57,999,999,999,999,999,999,999,999,999,999,999,999,-57,88,-145,275,-420,145,-565,242,"Qu,That,Ts,To,Tap",28.06638888,-82.63666667
325,10404,71.02636719,54,999,999,999,999,999,999,999,999,999,999,999,999,999,999,-23.5,30.5,999,999,999,999,999,999,That,28.07944443,-82.75
326,10407,68.35181427,84,999,999,999,999,999,999,999,999,999,999,999,999,999,999,-81,3,999,999,999,999,999,999,That,28.08055556,-82.74999999
327,10408,69.8752594,52,999,999,999,999,999,999,999,999,999,999,-25,21.4,999,999,-46.4,5.6,999,999,999,999,999,999,"Th,That",28.06583333,-82.74166666
328,11337,14.73200321,332,999,999,999,999,999,999,999,999,999,999,0,16,999,999,-16,73,-89,243,999,999,999,999,"Th,That,Ts",28.01944443,-82.34194443
329,12964,92.98474884,100,0,5.2,999,999,999,999,999,999,999,999,999,999,999,999,999,999,999,999,-5.2,94.8,999,999,"Qu,To",28.26638889,-82.01944443
330,14887,51.49148178,490,999,999,999,999,999,999,999,999,999,999,999,999,999,999,-80,60,-140,90,-230,135,-365,125,"That,Ts,To,Tap",28.08416667,-82.2436111
332,16418,45.82471848,40,0,29,999,999,999,999,999,999,999,999,-29,1,999,999,-30,10,999,999,999,999,999,999,"Qu,Th,That",28.08333332,-82.52638889
333,16419,34.14971542,119,0,50,999,999,999,999,999,999,999,999,-50,4,999,999,-54,65,999,999,999,999,999,999,"Qu,Th,That",28.07222221,-82.55138888
334,16420,48.62026978,45,0,28.5,999,999,999,999,999,999,999,999,999,999,999,999,-28.5,16.5,999,999,999,999,999,999,"Qu,That",28.09722221,-82.52277777
335,16427,8,25,0,5,999,999,999,999,999,999,999,999,-5,13.5,999,999,-18.5,6.5,999,999,999,999,999,999,"Qu,Th,That",28.03611111,-82.48749999
336,16428,32.75999832,70,0,33,999,999,999,999,999,999,999,999,-33,6,999,999,-39,31,999,999,999,999,999,999,"Qu,Th,That",28.05277777,-82.48611111
337,16463,42.38814926,62,0,38,999,999,999,999,999,999,999,999,999,999,999,999,-38,24,999,999,999,999,999,999,"Qu,That",28.02916666,-82.48833333
338,16466,25.75904274,60,0,37,999,999,999,999,999,999,999,999,999,999,999,999,-37,23,999,999,999,999,999,999,"Qu,That",27.99722221,-82.51499999
339,16467,1.44888771,31,0,8,999,999,999,999,999,999,999,999,999,999,999,999,-8,23,999,999,999,999,999,999,"Qu,That",28.00027777,-82.56194443
340,16470,8.1402216,62,0,6,999,999,999,999,999,999,999,999,-6,56,999,999,999,999,999,999,999,999,999,999,"Qu,Th",28.03555556,-82.66972222
341,16473,25.16516113,60,0,29,999,999,999,999,999,999,999,999,-29,8.6,999,999,-37.6,22.4,999,999,999,999,999,999,"Qu,Th,That",28.10222222,-82.64194443
342,16476,47.53339386,51,0,37.3,999,999,999,999,999,999,999,999,999,999,999,999,-37.3,13.7,999,999,999,999,999,999,"Qu,That",28.1611111,-82.59638889
343,16481,64.35150909,70,0,44,999,999,999,999,999,999,999,999,999,999,999,999,-44,26,999,999,999,999,999,999,"Qu,That",28.15333332,-82.4761111
344,16482,5.26887131,65,0,24,999,999,999,999,999,999,999,999,-24,24,999,999,-48,17,999,999,999,999,999,999,"Qu,Th,That",28.01583333,-82.63611111
345,16483,89.52451324,124,0,33,999,999,999,999,999,999,999,999,-33,10,999,999,-43,81,999,999,999,999,999,999,"Qu,Th,That",28.00083332,-82.72
346,16484,92.47447205,130,0,51,999,999,999,999,999,999,999,999,999,999,999,999,-51,79,999,999,999,999,999,999,"Qu,That",28.03277777,-82.72194444
347,16485,28.28475571,106,0,24.5,999,999,999,999,999,999,999,999,-24.5,81.5,999,999,999,999,999,999,999,999,999,999,"Qu,Th",28.08305556,-82.7175
348,16486,66.42132568,122,0,55,999,999,999,999,999,999,999,999,999,999,999,999,-55,67,999,999,999,999,999,999,"Qu,That",28.08972221,-82.73583333
349,16490,7.40246058,60,0,40,999,999,999,999,999,999,999,999,999,999,999,999,-40,20,999,999,999,999,999,999,"Qu,That",28.0461111,-82.64333333
350,17343,107.1638031,40,0,25,999,999,999,999,999,999,999,999,999,999,999,999,-25,15,999,999,999,999,999,999,"Qu,That",28.21999999,-82.0211111
351,17598,48.29999924,104,0,50,999,999,999,999,999,999,999,999,999,999,999,999,-50,54,999,999,999,999,999,999,"Qu,That",28.11111111,-82.48694444
352,17687,6.32431078,460,0,55,999,999,999,999,999,999,999,999,999,999,999,999,-55,70,-125,275,-400,60,999,999,"Qu,That,Ts,To",28.02472221,-82.60944444
353,18049,26.58437157,430,0,10,999,999,999,999,999,999,999,999,-10,10,999,999,-20,160,-180,75,-255,175,999,999,"Qu,Th,That,Ts,To",28.00833332,-82.47888888
354,18056,34.49409103,430,0,15,999,999,999,999,999,999,999,999,999,999,999,999,-15,120,-135,292,-427,3,999,999,"Qu,That,Ts,To",28.00305555,-82.48444443
355,1522,22.10995483,93,0,45,999,999,999,999,999,999,999,999,999,999,999,999,999,999,-45,48,999,999,999,999,"Qu,Ts",28.14280522,-82.73848853
356,3809,31.33335876,245,0,65,999,999,999,999,999,999,999,999,999,999,999,999,999,999,-65,180,999,999,999,999,"Qu,Ts",28.14777694,-82.65445961
357,15463,24.07845497,780,0,27,999,999,999,999,999,999,999,999,999,999,999,999,-27,73,-100,225,-325,140,-465,315,"Qu,That,Ts,To,Tap",28.16613331,-82.67558516
358,18723,12.33876514,120,0,5,999,999,999,999,999,999,999,999,999,999,999,999,-5,115,999,999,999,999,999,999,"Qu,That",28.17223339,-82.77093264
359,1614,70.32413483,205,0,34,999,999,999,999,999,999,999,999,-34,21,999,999,-55,30,-85,120,999,999,999,999,"Qu,Th,That,Ts",28.08817407,-82.7457095
360,1644,5.48827124,142,999,999,999,999,999,999,999,999,999,999,999,999,999,999,-24,118,999,999,999,999,999,999,That,28.04330068,-82.69050506
361,1646,5.48827124,140,-12,0,999,999,999,999,999,999,999,999,-12,12,999,999,-24,116,999,999,999,999,999,999,"Qu,Th,That",28.04330068,-82.69050506
362,2353,-0.01,68,-20,24,999,999,999,999,999,999,999,999,999,999,999,999,-44,24,999,999,999,999,999,999,"Qu,That",28.02139547,-82.68231878
363,2778,72.45684814,313,0,35,999,999,999,999,999,999,999,999,-35,15,999,999,-50,263,999,999,999,999,999,999,"Qu,Th,That",28.00280893,-82.74437916
364,5661,0.81068265,145,0,45,999,999,999,999,999,999,999,999,999,999,999,999,-45,30,-75,70,999,999,999,999,"Qu,That,Ts",28.02843734,-82.63411269
365,6098,25.08302689,"1,138.00",0,35,999,999,999,999,999,999,999,999,-35,7,999,999,-42,"1,096.00",999,999,999,999,999,999,"Qu,Th,That",28.10693843,-82.64095014
366,14520,0.64999998,140,999,999,999,999,999,999,999,999,999,999,999,999,999,999,999,999,-23.5,116.5,999,999,999,999,Ts,28.0199026,-82.65638417
367,15070,63.73574448,255,0,30,999,999,999,999,999,999,999,999,-30,35,999,999,-65,190,999,999,999,999,999,999,"Qu,Th,That",28.02485918,-82.74893135
368,15385,91.70526886,260,0,50,999,999,999,999,999,999,999,999,999,999,999,999,-50,210,999,999,999,999,999,999,"Qu,That",28.00281499,-82.72744276
369,15387,90.25939941,275,0,50,999,999,999,999,999,999,999,999,999,999,999,999,-50,225,999,999,999,999,999,999,"Qu,That",28.00650886,-82.72746978
370,15466,18.5402832,850,0,50,999,999,999,999,999,999,999,999,999,999,999,999,-50,110,-160,300,-460,390,999,999,"Qu,That,Ts,To",28.09297094,-82.65722646
371,4384,28.58083916,255,0,10,999,999,999,999,999,999,999,999,-10,20,999,999,-30,225,999,999,999,999,999,999,"Qu,Th,That",28.01566529,-82.76742284
372,12122,48.87034225,270,0,20,999,999,999,999,999,999,999,999,999,999,999,999,-20,250,999,999,999,999,999,999,"Qu,That",28.01931531,-82.7550455
373,12123,15.88428688,290,0,20,999,999,999,999,999,999,999,999,-20,270,999,999,999,999,999,999,999,999,999,999,"Qu,Th",28.00487343,-82.78781538
374,15384,72.83889771,275,0,30,999,999,999,999,999,999,999,999,-30,50,999,999,-80,195,999,999,999,999,999,999,"Qu,Th,That",27.99629922,-82.72641472
375,2932,17.12981987,184,0,20,999,999,999,999,999,999,999,999,999,999,999,999,-20,164,999,999,999,999,999,999,"Qu,That",27.99373387,-82.78357422
376,15381,65.41080475,240,0,20,999,999,999,999,999,999,999,999,-20,40,999,999,-60,180,999,999,999,999,999,999,"Qu,Th,That",27.99542114,-82.75258935
377,7409,65.85124969,300,0,47,999,999,999,999,999,999,999,999,999,999,999,999,-47,118,-165,100,-265,35,999,999,"Qu,That,Ts,To",28.12852545,-82.45275639
378,15059,51.44970703,700,0,37,999,999,999,999,999,999,999,999,999,999,999,999,-37,78,-115,255,-370,165,-535,165,"Qu,That,Ts,To,Tap",28.13604028,-82.55890635
379,5363,81.84053802,251,0,46,999,999,999,999,999,999,999,999,999,999,999,999,-46,205,999,999,999,999,999,999,"Qu,That",28.00337325,-82.27772248
380,13259,32.97771454,542,0,5,999,999,999,999,999,999,999,999,999,999,999,999,-5,537,999,999,999,999,999,999,"Qu,That",28.10572133,-82.34416388
381,2704,50.87020111,503,0,20,999,999,999,999,999,999,999,999,999,999,999,999,-20,165,-185,205,-390,113,999,999,"Qu,That,Ts,To",28.00066202,-82.41926729
382,3714,32.19643402,208,0,20,999,999,999,999,999,999,999,999,999,999,999,999,-20,188,999,999,999,999,999,999,"Qu,That",28.0034188,-82.45952737
383,3906,63.7322197,750,0,10,999,999,999,999,999,999,999,999,-10,30,999,999,-40,137.5,-177.5,247.5,-425,130,-555,195,"Qu,Th,That,Ts,To,Tap",28.00151995,-82.43264465
384,4568,22.34565544,240,0,10,999,999,999,999,999,999,999,999,999,999,999,999,-10,230,999,999,999,999,999,999,"Qu,That",28.01801918,-82.4594674
385,5663,62.41775894,210,-15,60,999,999,999,999,999,999,999,999,999,999,999,999,-75,135,999,999,999,999,999,999,"Qu,That",28.04717298,-82.40995701
386,5989,35.98887634,465,0,25,999,999,999,999,999,999,999,999,999,999,999,999,-25,30,-55,295,-350,115,999,999,"Qu,That,Ts,To",28.05273176,-82.37511299
387,6128,55.67914963,318,0,25,999,999,999,999,999,999,999,999,999,999,999,999,-25,293,999,999,999,999,999,999,"Qu,That",28.04161126,-82.38738237
388,11433,39.10128021,402,0,50,999,999,999,999,999,999,999,999,999,999,999,999,-50,70,-120,282,999,999,999,999,"Qu,That,Ts",28.0619513,-82.45931448
389,13290,53.34150314,350,0,30,999,999,999,999,999,999,999,999,999,999,999,999,-30,110,-140,210,999,999,999,999,"Qu,That,Ts",28.07695266,-82.49218451
390,15146,37.40776062,263,0,50,999,999,999,999,999,999,999,999,999,999,999,999,-50,213,999,999,999,999,999,999,"Qu,That",28.00344072,-82.49263126
391,18620,39.92615128,353,0,10,999,999,999,999,999,999,999,999,999,999,999,999,-10,343,999,999,999,999,999,999,"Qu,That",28.00557357,-82.42564579
392,5423,43.41999817,"1,195.00",0,60,999,999,999,999,999,999,999,999,999,999,999,999,-60,50,-110,295,-405,130,-535,660,"Qu,That,Ts,To,Tap",28.12149985,-82.55868429
393,11787,44.20671082,500,999,999,0,35,999,999,999,999,999,999,999,999,999,999,-35,465,999,999,999,999,999,999,"TQsu,That",28.06210626,-82.5087979
394,3995,133.1059265,510,0,32,999,999,999,999,999,999,-32,33,999,999,999,999,-65,30,-95,235,-330,140,-470,40,"Qu,Thpb,That,Ts,To,Tap",28.04777965,-82.09705155
395,4737,127.3013611,310,999,999,999,999,999,999,999,999,-20,80,999,999,999,999,-100,90,-190,40,-230,80,999,999,"Thpb,That,Ts,To",28.03874893,-82.01254039
396,5448,124.6072846,662,0,5,999,999,999,999,999,999,-5,65,999,999,999,999,-70,65,-135,130,-265,160,-425,237,"Qu,Thpb,That,Ts,To,Tap",28.04139865,-82.02801596
397,5952,125.037735,628,999,999,999,999,999,999,999,999,999,999,999,999,999,999,-85,70,-155,105,-260,150,-410,218,"That,Ts,To,Tap",28.04322958,-82.02597588
398,18022,107.5007706,195,0,47,999,999,999,999,999,999,999,999,999,999,999,999,-47,148,999,999,999,999,999,999,"Qu,That",28.09834887,-82.08063393
399,2469,98.45944977,104,999,999,999,999,999,999,999,999,999,999,999,999,999,999,-60,44,999,999,999,999,999,999,That,28.01789331,-82.17884389
400,5372,54.7518425,140,999,999,999,999,999,999,999,999,999,999,999,999,999,999,-50,90,999,999,999,999,999,999,That,28.06172547,-82.24503705
401,10576,98.79788208,400,0,25,999,999,999,999,999,999,-25,25,999,999,999,999,-50,60,-110,190,-300,100,999,999,"Qu,Thpb,That,Ts,To",28.01781114,-82.19532252
402,12607,104.0404739,325,999,999,999,999,999,999,999,999,999,999,999,999,999,999,-90,235,999,999,999,999,999,999,That,28.00337002,-82.17876099
403,632,134.5482178,683,999,999,999,999,999,999,999,999,-15,55,999,999,999,999,-70,115,-185,105,-290,260,-550,133,"Thpb,That,Ts,To,Tap",27.99939881,-82.01777282
404,2954,136.2050324,78,0,35,999,999,999,999,999,999,-35,43,999,999,999,999,999,999,999,999,999,999,999,999,"Qu,Thpb",27.99201412,-82.0116107
405,5352,104.2838135,252,-11,5,999,999,999,999,999,999,999,999,999,999,999,999,-16,236,999,999,999,999,999,999,"Qu,That",28.22545055,-82.03034296
406,17998,93.52519226,197,0,4,999,999,999,999,999,999,999,999,-4,15,999,999,-19,178,999,999,999,999,999,999,"Qu,Th,That",28.16445647,-82.10507884
407,17999,105.9238968,195,0,18,999,999,999,999,999,999,-18,47,999,999,999,999,999,999,-65,55,-120,75,999,999,"Qu,Thpb,Ts,To",28.16029035,-82.07063316
408,18000,98.16582489,195,0,4,999,999,999,999,999,999,999,999,-4,19,999,999,-23,172,999,999,999,999,999,999,"Qu,Th,That",28.15251276,-82.09035616
409,18001,91.37197876,175,0,11,999,999,999,999,999,999,999,999,999,999,999,999,-11,164,999,999,999,999,999,999,"Qu,That",28.13945767,-82.10785689
410,10641,119.2220612,200,0,60,999,999,999,999,999,999,999,999,999,999,999,999,999,999,-60,140,999,999,999,999,"Qu,Ts",28.19338244,-81.99849204
411,12962,97.29768372,7.1,999,999,999,999,999,999,999,999,999,999,999,999,999,999,999,999,-5,2.1,999,999,999,999,Ts,28.26297367,-82.01884404
412,12963,97.29768372,9,999,999,999,999,999,999,999,999,999,999,-3,6,999,999,999,999,999,999,999,999,999,999,Th,28.26297367,-82.01884404
413,13260,34.8891449,600,0,8,999,999,999,999,999,999,999,999,999,999,999,999,-8,112,-120,80,-200,135,-335,265,"Qu,That,Ts,To,Tap",28.12017661,-82.31154176
414,13255,34.3910408,580,0,20,999,999,999,999,999,999,999,999,999,999,999,999,-20,560,999,999,999,999,999,999,"Qu,That",28.12014765,-82.32793018
415,13263,34.3910408,550,999,999,999,999,999,999,999,999,999,999,0,15,999,999,-15,100,-115,70,-185,125,-310,240,"Th,That,Ts,To,Tap",28.12014765,-82.32793018
416,13252,32.97771454,608,0,24,999,999,999,999,999,999,999,999,999,999,999,999,-24,121,-145,85,-230,100,-330,278,"Qu,That,Ts,To,Tap",28.10572133,-82.34416388
417,13258,32.97771454,600,0,5,999,999,999,999,999,999,999,999,999,999,999,999,-5,595,999,999,999,999,999,999,"Qu,That",28.10572133,-82.34416388
418,12944,60.30559921,145,0,35,999,999,999,999,999,999,999,999,999,999,999,999,-35,110,999,999,999,999,999,999,"Qu,That",28.10578753,-82.45945816
419,5644,55.52210617,600,0,30,999,999,999,999,999,999,999,999,-30,20,999,999,-50,60,-110,240,-350,130,-480,120,"Qu,Th,That,Ts,To,Tap",28.12054806,-82.50990667
420,131,39.3386879,340,0,50,999,999,999,999,999,999,999,999,-50,10,999,999,-60,280,999,999,999,999,999,999,"Qu,Th,That",28.09842841,-82.59652681
421,8197,8.98859406,184,0,35,999,999,999,999,999,999,999,999,999,999,999,999,-35,149,999,999,999,999,999,999,"Qu,That",28.01582872,-82.60422492
422,15464,23.86220932,780,999,999,999,999,999,999,999,999,999,999,999,999,999,999,-20,45,-65,290,-355,140,-495,285,"That,Ts,To,Tap",28.15164169,-82.6751432
423,18020,95.48091888,177,0,26.5,999,999,999,999,999,999,999,999,999,999,999,999,-26.5,23.5,-50,127,999,999,999,999,"Qu,That,Ts",28.10633265,-82.14082232
424,18019,100.4501495,195,0,45,999,999,999,999,999,999,999,999,999,999,999,999,-45,150,999,999,999,999,999,999,"Qu,That",28.09937978,-82.10273383
425,18002,87.37134552,175,0,7.5,999,999,999,999,999,999,999,999,999,999,999,999,-7.5,167.5,999,999,999,999,999,999,"Qu,That",28.13209554,-82.12187825
426,13257,31.23639297,620,0,10,999,999,999,999,999,999,999,999,999,999,999,999,-10,130,-140,80,-220,105,-325,295,"Qu,That,Ts,To,Tap",28.10564932,-82.32772935
427,13261,41.68621063,610,0,35,999,999,999,999,999,999,999,999,999,999,999,999,-35,80,-115,80,-195,135,-330,280,"Qu,That,Ts,To,Tap",28.12020166,-82.34439483
428,13264,41.68621063,573,0,50,999,999,999,999,999,999,999,999,999,999,999,999,-50,523,999,999,999,999,999,999,"Qu,That",28.12020166,-82.34439483
429,3312,206.1413269,261,0,40,999,999,999,999,999,999,999,999,999,999,999,999,-40,221,999,999,999,999,999,999,"Qu,That",28.0848823,-81.99481941
430,3838,159.6418304,136,0,85,999,999,999,999,999,999,999,999,999,999,999,999,-85,51,999,999,999,999,999,999,"Qu,That",28.07250255,-82.01012537
431,13180,125.1013413,260,0,30,999,999,999,999,999,999,-30,20,999,999,999,999,-50,210,999,999,999,999,999,999,"Qu,Thpb,That",28.03519944,-82.03248516
432,8124,6.04521751,175,0,10,999,999,999,999,999,999,999,999,-10,20,999,999,-30,145,999,999,999,999,999,999,"Qu,Th,That",28.00416473,-82.66051483
433,8125,6.04521751,45,999,999,999,999,999,999,999,999,999,999,999,999,999,999,-27,18,999,999,999,999,999,999,That,28.00416473,-82.66051483
434,1738,21.20379639,85,0,30,999,999,999,999,999,999,999,999,-30,5,999,999,-35,50,999,999,999,999,999,999,"Qu,Th,That",28.07130205,-82.76430686
435,12124,57.674263,250,0,50,999,999,999,999,999,999,999,999,999,999,999,999,-50,200,999,999,999,999,999,999,"Qu,That",28.06546325,-82.75391847
436,1743,24.10772133,85,0,10,999,999,999,999,999,999,999,999,-10,15,999,999,-25,60,999,999,999,999,999,999,"Qu,Th,That",28.02376387,-82.77339823
437,15071,82.5439682,245,0,20,999,999,999,999,999,999,999,999,-20,60,999,999,-80,165,999,999,999,999,999,999,"Qu,Th,That",28.02636567,-82.73103184
438,1980,67.95022583,167,0,30,999,999,999,999,999,999,999,999,-30,45,999,999,-75,92,999,999,999,999,999,999,"Qu,Th,That",28.02262814,-82.73962751
439,12121,48.87034225,290,999,999,999,999,999,999,999,999,999,999,-25,5,999,999,-30,260,999,999,999,999,999,999,"Th,That",28.01931531,-82.7550455
440,12120,48.87034225,250,0,20,999,999,999,999,999,999,999,999,-20,230,999,999,999,999,999,999,999,999,999,999,"Qu,Th",28.01931531,-82.7550455
441,12119,48.87034225,290,0,20,999,999,999,999,999,999,999,999,-20,30,999,999,-50,240,999,999,999,999,999,999,"Qu,Th,That",28.01931531,-82.7550455
442,10612,48.87034225,175,0,17,999,999,999,999,999,999,999,999,-17,18,999,999,-35,140,999,999,999,999,999,999,"Qu,Th,That",28.01931531,-82.7550455
443,10611,48.87034225,220,0,25,999,999,999,999,999,999,999,999,-25,195,999,999,999,999,999,999,999,999,999,999,"Qu,Th",28.01931531,-82.7550455
444,10610,48.87034225,260,0,30,999,999,999,999,999,999,999,999,-30,15,999,999,-45,215,999,999,999,999,999,999,"Qu,Th,That",28.01931531,-82.7550455
445,10609,48.87034225,340,0,10,999,999,999,999,999,999,999,999,-10,35,999,999,-45,295,999,999,999,999,999,999,"Qu,Th,That",28.01931531,-82.7550455
446,3372,20.91345787,200,0,13,999,999,999,999,999,999,999,999,-13,30,999,999,-43,157,999,999,999,999,999,999,"Qu,Th,That",27.97363492,-82.78931955
447,14004,26.47820282,"1,174.00",0,35,999,999,999,999,999,999,999,999,999,999,999,999,-35,80,-115,310,-425,150,-575,599,"Qu,That,Ts,To,Tap",28.0616356,-82.58297368
448,11805,47.41064835,506,0,43,999,999,999,999,999,999,999,999,999,999,999,999,-43,67,-110,300,-410,96,999,999,"Qu,That,Ts,To",28.07340344,-82.52154724
449,5087,36.91900253,"1,265.00",0,30,999,999,999,999,999,999,999,999,999,999,999,999,-30,140,-170,125,-295,150,-445,820,"Qu,That,Ts,To,Tap",28.05283645,-82.4730317
450,5284,49.37906265,156,0,40,999,999,999,999,999,999,999,999,999,999,999,999,-40,116,999,999,999,999,999,999,"Qu,That",28.02491161,-82.49579898
451,2749,28.8507576,42,0,30,999,999,999,999,999,999,999,999,999,999,999,999,-30,12,999,999,999,999,999,999,"Qu,That",28.03936942,-82.45133352
452,4359,44.07094193,690,0,30,999,999,999,999,999,999,999,999,999,999,999,999,-30,145,-175,100,-275,155,-430,260,"Qu,That,Ts,To,Tap",28.04787613,-82.42433836
453,4646,59.90083694,155,0,25,999,999,999,999,999,999,999,999,999,999,999,999,-25,130,999,999,999,999,999,999,"Qu,That",28.0334937,-82.39394639
454,5011,36.65113831,350,0,20,999,999,999,999,999,999,999,999,999,999,999,999,-20,70,-90,240,-330,20,999,999,"Qu,That,Ts,To",28.06632028,-82.42124204
455,5670,20.80658531,20,0,2.5,999,999,999,999,999,999,999,999,999,999,999,999,-2.5,17.5,999,999,999,999,999,999,"Qu,That",28.05191555,-82.365658
456,14694,44.84415054,213,0,50,999,999,999,999,999,999,999,999,999,999,999,999,-50,163,999,999,999,999,999,999,"Qu,That",28.0646712,-82.39422084
457,5949,32.36621475,120,0,30,999,999,999,999,999,999,999,999,999,999,999,999,-30,90,999,999,999,999,999,999,"Qu,That",28.05491559,-82.4393415
458,6399,42.64029694,135,0,20,999,999,999,999,999,999,999,999,999,999,999,999,-20,40,-60,75,999,999,999,999,"Qu,That,Ts",28.06167699,-82.32123339
459,10505,50.46032333,78,0,50,999,999,999,999,999,999,999,999,999,999,999,999,-50,28,999,999,999,999,999,999,"Qu,That",28.04577025,-82.33395135
460,12381,38.48106003,230,0,29,999,999,999,999,999,999,999,999,999,999,999,999,-29,201,999,999,999,999,999,999,"Qu,That",28.05749562,-82.42419783
461,2283,34.77728271,90,999,999,999,999,999,999,999,999,999,999,999,999,999,999,-63,27,999,999,999,999,999,999,That,27.97985532,-82.3205428
462,3268,66.53412628,480,0,15,999,999,999,999,999,999,999,999,-15,21,999,999,-36,114,-150,205,-355,125,999,999,"Qu,Th,That,Ts,To",28.03745354,-82.38463912
463,2021,48.46155167,80,0,45,999,999,999,999,999,999,999,999,999,999,999,999,-45,35,999,999,999,999,999,999,"Qu,That",28.07484051,-82.29613371
464,2921,44.52600861,102,0,41,999,999,999,999,999,999,999,999,999,999,999,999,-41,61,999,999,999,999,999,999,"Qu,That",28.07307759,-82.29881604
465,12949,63.03984451,300,999,999,999,999,999,999,999,999,999,999,999,999,999,999,-25,275,999,999,999,999,999,999,That,28.02241676,-82.28503558
466,10726,53.43162537,145,0,60,999,999,999,999,999,999,999,999,999,999,999,999,-60,85,999,999,999,999,999,999,"Qu,That",28.06062609,-82.29507531
467,7652,26.99789238,41,0,17.5,999,999,999,999,999,999,999,999,999,999,999,999,-17.5,23.5,999,999,999,999,999,999,"Qu,That",28.00927609,-82.5346137
468,690,28.26086044,508,0,35,999,999,999,999,999,999,999,999,999,999,999,999,-35,473,999,999,999,999,999,999,"Qu,That",27.98092297,-82.51659984
469,13436,34.2743454,140,0,40,999,999,999,999,999,999,999,999,-40,10,999,999,-50,90,999,999,999,999,999,999,"Qu,Th,That",28.01668399,-82.50715399
470,13185,37.61341858,140,0,45,999,999,999,999,999,999,999,999,999,999,999,999,-45,95,999,999,999,999,999,999,"Qu,That",28.00967919,-82.5046051
471,11097,39.39287186,530,0,70,999,999,999,999,999,999,999,999,999,999,999,999,-70,110,-180,280,-460,70,999,999,"Qu,That,Ts,To",28.04359588,-82.50147549
472,4886,39.50963593,415,0,47,999,999,999,999,999,999,999,999,999,999,999,999,-47,368,999,999,999,999,999,999,"Qu,That",28.00749873,-82.49774928
473,5697,38.7287941,656,0,10,999,999,999,999,999,999,999,999,-10,14,999,999,-24,206,-230,70,-300,135,-435,221,"Qu,Th,That,Ts,To,Tap",28.05932652,-82.45637378
474,4747,31.79983902,129,999,999,999,999,999,999,999,999,999,999,999,999,999,999,-22,107,999,999,999,999,999,999,That,28.04782655,-82.45935991
475,4918,38.1295166,280,0,26,999,999,999,999,999,999,999,999,999,999,999,999,-26,254,999,999,999,999,999,999,"Qu,That",28.0700359,-82.44646826
476,15324,43.1676712,145,0,17,999,999,999,999,999,999,999,999,999,999,999,999,-17,128,999,999,999,999,999,999,"Qu,That",28.07089733,-82.4448342
477,11434,53.34150314,440,0,30,999,999,999,999,999,999,999,999,999,999,999,999,-30,50,-80,240,-320,120,999,999,"Qu,That,Ts,To",28.07695266,-82.49218451
478,6251,71.67044067,153,0,50,999,999,999,999,999,999,999,999,999,999,999,999,-50,103,999,999,999,999,999,999,"Qu,That",28.04732227,-82.39307973
479,4603,33.23823547,114,0,23,999,999,999,999,999,999,999,999,999,999,999,999,-23,91,999,999,999,999,999,999,"Qu,That",28.05474908,-82.38940726
480,4467,38.99581909,652,0,37,999,999,999,999,999,999,999,999,999,999,999,999,-37,78,-115,273.5,-388.5,135.5,-524,128,"Qu,That,Ts,To,Tap",28.00279889,-82.45459124
481,5671,24.5609169,20,999,999,999,999,999,999,999,999,999,999,999,999,999,999,0,20,999,999,999,999,999,999,That,28.01831691,-82.44243939
482,5076,18.26277542,100,0,24,999,999,999,999,999,999,999,999,999,999,999,999,-24,76,999,999,999,999,999,999,"Qu,That",28.0111598,-82.41188241
483,5077,27.76818466,202,0,22,999,999,999,999,999,999,999,999,999,999,999,999,-22,180,999,999,999,999,999,999,"Qu,That",28.01400289,-82.40209857
484,3742,63.07021713,306,0,24,999,999,999,999,999,999,999,999,999,999,999,999,-24,282,999,999,999,999,999,999,"Qu,That",28.00354011,-82.41257064
485,8572,32.123806,222,0,20,999,999,999,999,999,999,999,999,999,999,999,999,-20,202,999,999,999,999,999,999,"Qu,That",28.01781297,-82.39865193
486,4956,48.85756302,306,0,20,999,999,999,999,999,999,999,999,999,999,999,999,-20,286,999,999,999,999,999,999,"Qu,That",28.00897977,-82.39110402
487,3426,29.81613922,200,999,999,999,999,999,999,999,999,999,999,999,999,999,999,-20,180,999,999,999,999,999,999,That,28.00736542,-82.36721145
488,3845,21.71327591,95,0,5,999,999,999,999,999,999,999,999,999,999,999,999,-5,90,999,999,999,999,999,999,"Qu,That",28.0048352,-82.35527993
489,12457,22.59183693,101,0,19,999,999,999,999,999,999,999,999,999,999,999,999,-19,82,999,999,999,999,999,999,"Qu,That",28.00691042,-82.34390772
490,14305,52.78385925,105,0,40,999,999,999,999,999,999,999,999,999,999,999,999,-40,65,999,999,999,999,999,999,"Qu,That",27.99501115,-82.33275026
491,3605,94.40737152,142,999,999,999,999,999,999,999,999,999,999,999,999,999,999,-50,92,999,999,999,999,999,999,That,28.00781376,-82.28539546
492,6978,92.05328369,465,0,40,999,999,999,999,999,999,-40,20,999,999,999,999,-60,405,999,999,999,999,999,999,"Qu,Thpb,That",27.99550903,-82.23541535
493,4259,68.98731995,345,0,45,999,999,999,999,999,999,999,999,999,999,999,999,-45,300,999,999,999,999,999,999,"Qu,That",28.02947794,-82.22935794
494,4260,68.18482971,750,999,999,999,999,999,999,999,999,-21,16,999,999,999,999,-37,48,-85,305,-390,110,-500,250,"Thpb,That,Ts,To,Tap",28.02967796,-82.22297443
495,4261,67.67825317,417,999,999,0,50,999,999,999,999,999,999,999,999,999,999,-50,367,999,999,999,999,999,999,"TQsu,That",28.02967663,-82.22324412
496,4263,72.80349731,450,0,70,999,999,999,999,999,999,-70,15,999,999,999,999,-85,365,999,999,999,999,999,999,"Qu,Thpb,That",28.03615254,-82.22322481
497,4265,70.46174622,400,0,55,999,999,999,999,999,999,999,999,999,999,999,999,-55,345,999,999,999,999,999,999,"Qu,That",28.03037782,-82.22329741
498,4268,72.92482758,800,0,44,999,999,999,999,999,999,999,999,999,999,999,999,-44,756,999,999,999,999,999,999,"Qu,That",28.03071372,-82.22273102
499,4269,73.05255127,256,0,81,999,999,999,999,999,999,999,999,999,999,999,999,-81,175,999,999,999,999,999,999,"Qu,That",28.03092253,-82.22266289
500,11924,48.41068268,162,0,30,999,999,999,999,999,999,999,999,999,999,999,999,-30,132,999,999,999,999,999,999,"Qu,That",28.04996004,-82.33904416
501,14128,42.72279739,262,0,25,999,999,999,999,999,999,999,999,999,999,999,999,-25,237,999,999,999,999,999,999,"Qu,That",28.0454704,-82.33768321
502,17081,77.19207001,500,0,40,999,999,999,999,999,999,999,999,999,999,999,999,-40,460,999,999,999,999,999,999,"Qu,That",28.03244701,-82.21186826
503,13183,124.2473068,300,0,80,999,999,999,999,999,999,999,999,999,999,999,999,-80,220,999,999,999,999,999,999,"Qu,That",27.99373795,-82.20766817
504,11814,94.00524902,200,0,10,999,999,999,999,999,999,-10,20,999,999,999,999,-30,170,999,999,999,999,999,999,"Qu,Thpb,That",28.03318404,-82.18781785
505,12604,104.0404739,307,0,95,999,999,999,999,999,999,999,999,999,999,999,999,-95,212,999,999,999,999,999,999,"Qu,That",28.00337002,-82.17876099
506,2186,114.7138825,87,999,999,999,999,999,999,999,999,999,999,999,999,999,999,-60,27,999,999,999,999,999,999,That,28.01833169,-82.14048388
507,11194,114.6931534,190,0,100,999,999,999,999,999,999,999,999,999,999,999,999,-100,90,999,999,999,999,999,999,"Qu,That",28.02821963,-82.15545852
508,4621,123.5898438,650,0,90,999,999,999,999,999,999,999,999,999,999,999,999,-90,45,-135,157,-292,143,-435,215,"Qu,That,Ts,To,Tap",28.01254825,-82.12367595
509,1825,128.3907776,248,999,999,999,999,999,999,999,999,-18,76,999,999,999,999,-94,154,999,999,999,999,999,999,"Thpb,That",28.01840989,-82.11319709
510,2491,145.4857483,234,999,999,999,999,999,999,999,999,-30,30,999,999,999,999,-60,174,999,999,999,999,999,999,"Thpb,That",28.021872,-82.09020544
511,12459,132.1972199,"1,200.00",0,40,999,999,999,999,999,999,-40,45,999,999,999,999,-85,95,-180,100,-280,205,-485,715,"Qu,Thpb,That,Ts,To,Tap",28.03139402,-82.09714133
512,19229,79.7467041,"1,283.00",0,20,999,999,999,999,999,999,999,999,999,999,999,999,999,999,999,999,-20,163,-183,"1,100.00","Qu,To,Tap",28.43773886,-82.08474498
513,18895,76.50836945,449.5,0,22.5,999,999,999,999,999,999,999,999,999,999,999,999,-22.5,92.5,-115,114,-229,141,-370,79.5,"Qu,That,Ts,To,Tap",28.31333333,-82.44333333
514,18940,69.84115601,9.5,0,11,999,999,999,999,999,999,999,999,999,999,999,999,-11,40,-51,109,-160,-150.5,999,999,"Qu,That,Ts,To",28.135311,-82.178921
515,18948,77.69525146,4,0,4,999,999,999,999,999,999,999,999,999,999,999,999,-4,0,999,999,999,999,999,999,"Qu,That",28.237528,-82.117444
516,18949,77.25482178,7.5,0,5,999,999,999,999,999,999,999,999,-5,2.5,999,999,999,999,999,999,999,999,999,999,"Qu,Th",28.275694,-82.121167
517,18952,75.50534821,7,0,6.5,999,999,999,999,999,999,999,999,-6.5,0.5,999,999,999,999,999,999,999,999,999,999,"Qu,Th",28.245778,-82.119333
518,18956,75.54985046,8.5,0,5,999,999,999,999,999,999,999,999,-5,2.5,999,999,-7.5,1,999,999,999,999,999,999,"Qu,Th,That",28.239694,-82.134389
519,18957,76.64598846,8.5,0,6,999,999,999,999,999,999,999,999,-6,2.5,999,999,999,999,999,999,999,999,999,999,"Qu,Th",28.225139,-82.126028
520,18958,74.67180634,20,0,9.5,999,999,999,999,999,999,999,999,-9.5,10.5,999,999,999,999,999,999,999,999,999,999,"Qu,Th",28.221194,-82.144306
521,18959,46.81916428,8,999,999,999,999,999,999,999,999,999,999,-5,3,999,999,999,999,999,999,999,999,999,999,Th,28.151306,-82.262194
522,18960,72.03142548,5,0,4,999,999,999,999,999,999,999,999,-4,1,999,999,999,999,999,999,999,999,999,999,"Qu,Th",28.217111,-82.134694
523,18979,43.16296387,6,0,5,999,999,999,999,999,999,999,999,-5,1,999,999,999,999,999,999,999,999,999,999,"Qu,Th",28.145889,-82.231583
524,18983,36.7587471,8,0,3,999,999,999,999,999,999,999,999,-3,1,999,999,-4,4,999,999,999,999,999,999,"Qu,Th,That",28.142278,-82.394417
525,18984,77.18341064,7,0,5,999,999,999,999,999,999,999,999,-5,2,999,999,999,999,999,999,999,999,999,999,"Qu,Th",28.275417,-82.121444
526,18992,40.83648682,14,0,7,999,999,999,999,999,999,999,999,-7,7,999,999,999,999,999,999,999,999,999,999,"Qu,Th",28.128889,-82.310556
527,19236,43.27371597,20,0,18,999,999,999,999,999,999,999,999,-18,2,999,999,999,999,999,999,999,999,999,999,"Qu,Th",28.078517,-82.335106
528,19237,36.89561844,30,0,24,999,999,999,999,999,999,999,999,999,999,999,999,-24,6,999,999,999,999,999,999,"Qu,That",28.076528,-82.335028
529,19252,5.62776375,450,0,34,999,999,999,999,999,999,999,999,999,999,999,999,-34,120,-154,286,-440,10,999,999,"Qu,That,Ts,To",28.029958,-82.655269
530,19336,51.7,500,0,31,999,999,999,999,999,999,999,999,-31,2,999,999,-33,36,-69,236,-305,100,-405,95,"Qu,Th,That,Ts,To,Tap",28.3076,-82.58476667
531,15800,15.383292,340,0,13,999,999,999,999,999,999,999,999,-13,20,999,999,-33,107,-140,200,999,999,999,999,"Qu,Th,That,Ts",28.00079119,-82.69027669
532,14168,51.17140961,"1,050.00",0,10,999,999,999,999,999,999,999,999,999,999,999,999,-10,"1,040.00",999,999,999,999,999,999,"Qu,That",28.123531,-82.225369
